Number;Name;Platform;Year;Genre;Publisher;Cluster
1;Wii Sports;Wii;2006;Sports;Nintendo;1
3;Mario Kart Wii;Wii;2008;Racing;Nintendo;2
4;Wii Sports Resort;Wii;2009;Sports;Nintendo;3
8;Wii Play;Wii;2006;Misc;Nintendo;4
9;New Super Mario Bros. Wii;Wii;2009;Platform;Nintendo;5
14;Wii Fit;Wii;2007;Sports;Nintendo;6
15;Wii Fit Plus;Wii;2009;Sports;Nintendo;7
40;Super Smash Bros. Brawl;Wii;2008;Fighting;Nintendo;8
49;Super Mario Galaxy;Wii;2007;Platform;Nintendo;9
61;Just Dance 3;Wii;2011;Misc;Ubisoft;10
69;Just Dance 2;Wii;2010;Misc;Ubisoft;11
79;Wii Party;Wii;2010;Misc;Nintendo;12
81;Mario Party 8;Wii;2007;Misc;Nintendo;13
86;Mario & Sonic at the Olympic Games;Wii;2007;Sports;Sega;14
92;Super Mario Galaxy 2;Wii;2010;Platform;Nintendo;15
101;The Legend of Zelda: Twilight Princess;Wii;2006;Action;Nintendo;16
103;Just Dance;Wii;2009;Misc;Ubisoft;17
112;Just Dance 4;Wii;2012;Misc;Ubisoft;18
118;Zumba Fitness;Wii;2010;Sports;505 Games;18
126;Donkey Kong Country Returns;Wii;2010;Platform;Nintendo;19
151;LEGO Star Wars: The Complete Saga;Wii;2007;Action;LucasArts;20
207;Link's Crossbow Training;Wii;2007;Shooter;Nintendo;21
227;Animal Crossing: City Folk;Wii;2008;Simulation;Nintendo;22
231;Guitar Hero III: Legends of Rock;Wii;2007;Misc;Activision;23
234;Mario & Sonic at the Olympic Winter Games;Wii;2009;Sports;Sega;24
248;Michael Jackson: The Experience;Wii;2010;Misc;Ubisoft;23
285;The Legend of Zelda: Skyward Sword;Wii;2011;Action;Nintendo;25
287;Carnival Games;Wii;2007;Misc;Take-Two Interactive;26
304;EA Sports Active;Wii;2009;Sports;Electronic Arts;26
321;Big Brain Academy: Wii Degree;Wii;2007;Misc;Nintendo;27
324;Mario & Sonic at the London 2012 Olympic Games;Wii;2011;Sports;Sega;27
328;Just Dance 2014;Wii;2013;Misc;Ubisoft;28
330;Super Paper Mario;Wii;2007;Platform;Nintendo;29
344;Guitar Hero: World Tour;Wii;2008;Misc;Activision;28
406;Mario Party 9;Wii;2012;Misc;Nintendo;30
413;Wii Music;Wii;2008;Misc;Nintendo;31
432;LEGO Batman: The Videogame;Wii;N/A;Action;Warner Bros. Interactive Entertainment;32
461;Epic Mickey;Wii;2010;Platform;Disney Interactive Studios;32
491;WarioWare: Smooth Moves;Wii;2006;Puzzle;Nintendo;33
492;Cooking Mama: Cook Off;Wii;2007;Simulation;505 Games;32
502;Zumba Fitness 2;Wii;2011;Sports;Majesco Entertainment;32
513;Skylanders: Spyro's Adventure;Wii;2011;Action;Activision;32
543;Sonic and the Secret Rings;Wii;2007;Platform;Sega;32
572;Skylanders Giants;Wii;2012;Action;Activision;34
582;Mario Strikers Charged;Wii;2007;Sports;Nintendo;35
588;Super Mario All-Stars: Limited Edition;Wii;2010;Platform;Nintendo;36
606;Deca Sports;Wii;2008;Sports;Konami Digital Entertainment;35
611;Game Party;Wii;2007;Misc;Midway Games;34
619;LEGO Harry Potter: Years 1-4;Wii;2010;Action;Warner Bros. Interactive Entertainment;34
628;uDraw Studio;Wii;2010;Misc;THQ;34
653;LEGO Indiana Jones: The Original Adventures;Wii;N/A;Action;LucasArts;34
677;Skylanders SWAP Force;Wii;2013;Platform;Activision;34
679;My Fitness Coach;Wii;2008;Sports;Ubisoft;34
684;Just Dance Kids;Wii;2010;Misc;Ubisoft;34
700;Just Dance 2015;Wii;2014;Misc;Ubisoft;34
709;Super Monkey Ball: Banana Blitz;Wii;2006;Misc;Sega;34
713;Call of Duty 3;Wii;N/A;Shooter;Activision;34
714;Resident Evil 4;Wii;2007;Action;Capcom;34
720;Monster Hunter Tri;Wii;2009;Role-Playing;Nintendo;37
740;Sonic Unleashed;Wii;2008;Platform;Sega;34
758;Your Shape featuring Jenny McCarthy;Wii;2009;Sports;Ubisoft;34
775;Kirby's Epic Yarn;Wii;2010;Platform;Nintendo;38
783;Mario Sports Mix;Wii;2010;Sports;Nintendo;39
784;Rock Band;Wii;N/A;Misc;MTV Games;40
797;Wipeout: The Game;Wii;2009;Misc;Mindscape;40
804;Dance Dance Revolution: Hottest Party;Wii;2007;Simulation;Konami Digital Entertainment;40
833;Rayman Raving Rabbids: TV Party;Wii;2008;Misc;Ubisoft;40
863;Call of Duty: World at War;Wii;2008;Shooter;Activision;40
894;Mario Super Sluggers;Wii;2008;Sports;Nintendo;41
898;Monopoly;Wii;2008;Misc;Electronic Arts;40
903;Toy Story Mania!;Wii;2009;Misc;Disney Interactive Studios;40
905;Star Wars: The Force Unleashed;Wii;2008;Action;LucasArts;40
906;Game Party 2;Wii;2008;Misc;Midway Games;40
908;LEGO Star Wars III: The Clone Wars;Wii;2011;Action;LucasArts;40
935;GoldenEye 007 (2010);Wii;2010;Action;Activision;40
938;Rayman Raving Rabbids 2;Wii;2007;Misc;Ubisoft;40
957;Metroid Prime 3: Corruption;Wii;2007;Shooter;Nintendo;40
982;High School Musical: Sing It!;Wii;2007;Misc;Disney Interactive Studios;40
1019;The Beatles: Rock Band;Wii;2009;Misc;MTV Games;40
1021;Sonic Colors;Wii;2010;Platform;Sega;40
1031;Disney Infinity;Wii;2013;Action;Disney Interactive Studios;40
1043;Game Party 3;Wii;2009;Puzzle;Warner Bros. Interactive Entertainment;40
1050;Cabela's Big Game Hunter 2010;Wii;2009;Sports;Activision Value;40
1053;We Ski;Wii;2008;Sports;Namco Bandai Games;40
1055;Kirby's Return to Dreamland;Wii;2011;Platform;Nintendo;42
1081;Star Wars The Clone Wars: Lightsaber Duels;Wii;2008;Action;LucasArts;40
1082;MySims;Wii;2007;Simulation;Electronic Arts;40
1084;Shaun White Snowboarding: Road Trip;Wii;2008;Sports;Ubisoft;40
1086;Big Beach Sports;Wii;2008;Sports;THQ;40
1111;Go Vacation;Wii;2011;Misc;Namco Bandai Games;43
1116;LEGO Pirates of the Caribbean: The Video Game;Wii;2011;Action;Disney Interactive Studios;40
1141;Pokemon Battle Revolution;Wii;2006;Role-Playing;Nintendo;43
1150;Dance Dance Revolution: Hottest Party 2;Wii;2008;Simulation;Konami Digital Entertainment;40
1171;Carnival Games: Mini Golf;Wii;2008;Sports;Take-Two Interactive;40
1176;Guitar Hero 5;Wii;2009;Misc;Activision;40
1200;Active Life: Outdoor Challenge;Wii;2008;Sports;Atari;43
1211;Resident Evil: The Umbrella Chronicles;Wii;2007;Action;Capcom;43
1221;MySims Kingdom;Wii;2008;Simulation;Electronic Arts;40
1225;Call of Duty: Modern Warfare: Reflex Edition;Wii;2009;Shooter;Activision;40
1244;Sonic & Sega All-Stars Racing;Wii;2010;Racing;Sega;40
1268;Disney Sing It: Pop Hits;Wii;2009;Misc;Disney Interactive Studios;40
1276;The Sims 3;Wii;2010;Simulation;Electronic Arts;40
1277;New Play Control! Mario Power Tennis;Wii;2009;Sports;Nintendo;43
1296;The House of the Dead 2 & 3 Return;Wii;2008;Shooter;Sega;40
1312;LEGO Batman 2: DC Super Heroes;Wii;2012;Action;Warner Bros. Interactive Entertainment;40
1324;Smarty Pants;Wii;2007;Misc;Electronic Arts;40
1330;Hasbro Family Game Night;Wii;2008;Puzzle;Electronic Arts;40
1342;Rayman Raving Rabbids;Wii;2006;Misc;Ubisoft;40
1349;LEGO Indiana Jones 2: The Adventure Continues;Wii;2009;Action;Activision;40
1351;Tiger Woods PGA Tour 09 All-Play;Wii;2008;Sports;Electronic Arts;40
1369;Toy Story 3: The Video Game;Wii;2010;Action;Disney Interactive Studios;40
1376;Metroid: Other M;Wii;2010;Action;Nintendo;43
1381;Call of Duty: Black Ops;Wii;2010;Shooter;Activision;40
1398;Hannah Montana: Spotlight World Tour;Wii;2007;Action;Disney Interactive Studios;40
1409;Hasbro Family Game Night 2;Wii;2009;Misc;Electronic Arts;40
1410;Disney Princess: Enchanted Journey;Wii;2007;Adventure;Disney Interactive Studios;40
1435;LEGO Harry Potter: Years 5-7;Wii;N/A;Action;Warner Bros. Interactive Entertainment;43
1506;Deal or No Deal;Wii;2009;Misc;Zoo Games;43
1512;High School Musical 3: Senior Year DANCE!;Wii;2008;Misc;Disney Interactive Studios;43
1513;Gold's Gym: Cardio Workout;Wii;2008;Sports;Ubisoft;43
1521;EA Playground;Wii;2007;Sports;Electronic Arts;43
1524;EA Sports Active 2;Wii;2010;Sports;Electronic Arts;43
1527;Need for Speed Carbon;Wii;2006;Racing;Electronic Arts;43
1536;Guitar Hero: Aerosmith;Wii;2008;Misc;Activision;43
1564;Jillian Michaels' Fitness Ultimatum 2009;Wii;2008;Sports;Deep Silver;43
1566;Rockstar Games presents Table Tennis;Wii;2007;Sports;Take-Two Interactive;43
1583;Winter Sports: The Ultimate Challenge;Wii;2007;Sports;RTL;43
1612;Ben 10: Protector of Earth;Wii;2007;Action;D3Publisher;43
1631;Boom Blox;Wii;2008;Puzzle;Electronic Arts;43
1633;The Sims 2: Castaway;Wii;2007;Simulation;Electronic Arts;43
1672;Just Dance 2016;Wii;2015;Misc;Ubisoft;43
1673;Disney Sing It;Wii;2008;Misc;Disney Interactive Studios;43
1684;Pok√©Park Wii: Pikachu's Adventure;Wii;2009;Adventure;Nintendo;44
1692;Pro Evolution Soccer 2008;Wii;2008;Sports;Konami Digital Entertainment;43
1725;Wario Land: Shake It!;Wii;2008;Platform;Nintendo;43
1742;EA Sports Active: More Workouts;Wii;2009;Sports;Electronic Arts;43
1770;Sonic and the Black Knight;Wii;2009;Platform;Sega;43
1791;Rabbids Go Home;Wii;2009;Platform;Ubisoft;43
1844;Need for Speed: ProStreet;Wii;2007;Racing;Electronic Arts;43
1864;NERF N-Strike;Wii;2008;Shooter;Electronic Arts;43
1886;Tiger Woods PGA Tour 10;Wii;2009;Sports;Electronic Arts;43
1892;Endless Ocean;Wii;2007;Adventure;Nintendo;43
1899;The Biggest Loser;Wii;2009;Sports;THQ;43
1902;Resident Evil: The Darkside Chronicles;Wii;2009;Action;Capcom;43
1905;FIFA Soccer 11;Wii;2010;Sports;Electronic Arts;43
1935;Disney Universe;Wii;2011;Action;Disney Interactive Studios;43
1948;Sega Superstars Tennis;Wii;2008;Sports;Sega;43
1969;Skylanders: Trap Team;Wii;2014;Action;Activision;43
1972;Dance on Broadway;Wii;2010;Misc;Ubisoft;43
1986;MySims Agents;Wii;2009;Adventure;Electronic Arts;43
1990;Guinness World Records: The Videogame;Wii;2008;Action;Warner Bros. Interactive Entertainment;43
1993;Dragon Ball Z: Budokai Tenkaichi 3;Wii;2007;Fighting;Atari;43
2017;Tiger Woods PGA Tour 08;Wii;2007;Sports;Electronic Arts;43
2019;Epic Mickey 2: The Power of Two;Wii;2012;Action;Disney Interactive Studios;43
2023;The Simpsons Game;Wii;2007;Action;Electronic Arts;43
2025;Rock Band 2;Wii;2008;Misc;MTV Games;43
2028;FIFA Soccer 08;Wii;2007;Sports;Electronic Arts;43
2029;Naruto: Clash of Ninja Revolution;Wii;2007;Fighting;Tomy Corporation;43
2036;Wall-E;Wii;2008;Platform;THQ;43
2050;Guitar Hero: Warriors of Rock;Wii;2010;Misc;Activision;43
2056;NERF N-Strike Elite;Wii;2009;Shooter;Electronic Arts;43
2078;Wheel of Fortune;Wii;2010;Misc;THQ;43
2093;Band Hero;Wii;2009;Misc;Activision;43
2094;Cars: Race-O-Rama;Wii;2009;Racing;THQ;43
2097;Scooby-Doo! First Frights;Wii;2009;Action;Warner Bros. Interactive Entertainment;43
2101;WWE SmackDown vs Raw 2008;Wii;2007;Fighting;THQ;43
2102;FIFA Soccer 10;Wii;2009;Sports;Electronic Arts;43
2109;Xenoblade Chronicles;Wii;2010;Role-Playing;Nintendo;43
2131;de Blob;Wii;2008;Platform;THQ;47
2138;Club Penguin: Game Day!;Wii;2010;Sports;Disney Interactive Studios;47
2143;LEGO The Lord of the Rings;Wii;2012;Action;Warner Bros. Interactive Entertainment;47
2156;Dragon Quest X;Wii;2012;Role-Playing;Square Enix;45
2182;Cars 2;Wii;2011;Racing;Disney Interactive Studios;47
2189;Guitar Hero: Metallica;Wii;2009;Misc;Activision;47
2193;Tony Hawk: RIDE;Wii;2009;Sports;Activision;47
2195;Wii Play: Motion;Wii;2011;Misc;Nintendo;43
2203;Cars;Wii;2006;Racing;THQ;47
2222;Nickelodeon Fit;Wii;2010;Sports;Take-Two Interactive;47
2227;EA Sports Grand Slam Tennis;Wii;2009;Sports;Electronic Arts;47
2230;Sonic Riders: Zero Gravity;Wii;2008;Racing;Sega;47
2259;Kung Fu Panda;Wii;2008;Action;Activision;47
2276;AMF Bowling Pinbusters!;Wii;2007;Sports;Bethesda Softworks;47
2297;Rhythm Heaven;Wii;N/A;Misc;Unknown;46
2303;We Ski & Snowboard;Wii;2008;Sports;Atari;43
2316;Samba De Amigo;Wii;2008;Misc;Sega;47
2319;FIFA Soccer 09 All-Play;Wii;2008;Sports;Electronic Arts;47
2329;Madden NFL 08;Wii;2007;Sports;Electronic Arts;47
2340;CSI: Hard Evidence;Wii;2008;Adventure;Ubisoft;47
2342;F1 2009;Wii;2009;Racing;Codemasters;47
2348;Monster 4X4: World Circuit;Wii;2006;Racing;Ubisoft;47
2352;Call of Duty: Modern Warfare 3;Wii;2011;Shooter;Activision;47
2362;Ghostbusters: The Video Game;Wii;2009;Action;Atari;47
2367;Endless Ocean: Blue World;Wii;2009;Simulation;Nintendo;43
2371;Cooking Mama: World Kitchen;Wii;2008;Simulation;505 Games;47
2382;Gold's Gym: Dance Workout;Wii;2010;Sports;Ubisoft;47
2388;Pictionary;Wii;2010;Puzzle;THQ;47
2393;The House of the Dead: Overkill;Wii;2009;Shooter;Sega;47
2412;Tomb Raider: Anniversary;Wii;2007;Action;Eidos Interactive;47
2433;Need for Speed: Nitro;Wii;2009;Racing;Electronic Arts;47
2434;Madden NFL 09 All-Play;Wii;2008;Sports;Electronic Arts;47
2440;Blazing Angels: Squadrons of WWII;Wii;2007;Simulation;Ubisoft;47
2452;Karaoke Revolution Glee;Wii;2010;Misc;Konami Digital Entertainment;47
2467;Harvest Moon: Tree of Tranquility;Wii;2007;Simulation;Rising Star Games;47
2482;WWE SmackDown vs. Raw 2009;Wii;2008;Fighting;THQ;47
2497;The Price is Right;Wii;2008;Misc;Ubisoft;47
2505;Deca Sports 2;Wii;2009;Sports;Hudson Soft;47
2511;Star Wars The Clone Wars: Republic Heroes;Wii;2009;Action;LucasArts;47
2524;Hasbro Family Game Night 3;Wii;2010;Misc;Electronic Arts;47
2541;EA Sports Active NFL Training Camp;Wii;2010;Sports;Electronic Arts;47
2558;Ben 10: Alien Force;Wii;2008;Action;Koch Media;47
2564;MadWorld;Wii;2009;Action;Sega;47
2569;ABBA: You Can Dance;Wii;2011;Misc;Ubisoft;47
2580;All Star Cheer Squad;Wii;2008;Sports;THQ;47
2590;Star Wars: The Force Unleashed II;Wii;2010;Action;LucasArts;47
2617;Ghost Squad;Wii;2007;Shooter;Sega;47
2621;FIFA 12;Wii;2011;Sports;Electronic Arts;47
2628;PokePark 2: Wonders Beyond;Wii;2011;Action;Nintendo;47
2640;We Sing;Wii;2009;Misc;Nordic Games;47
2659;Harry Potter and the Half-Blood Prince;Wii;2009;Action;Electronic Arts;47
2660;DJ Hero;Wii;2009;Misc;Activision;47
2691;Raving Rabbids: Travel in Time;Wii;2010;Adventure;Ubisoft;47
2704;Drawn to Life: The Next Chapter;Wii;2009;Puzzle;THQ;47
2712;Deer Drive;Wii;2009;Sports;Big Ben Interactive;47
2718;FIFA 15;Wii;2014;Sports;Electronic Arts;47
2726;Monopoly Streets;Wii;2010;Misc;Electronic Arts;47
2728;Harvest Moon: Animal Parade;Wii;2008;Simulation;Rising Star Games;47
2740;WWE SmackDown vs. Raw 2010;Wii;2009;Fighting;THQ;47
2778;Madden NFL 11;Wii;N/A;Sports;Unknown;47
2779;Namco Museum Remix;Wii;2007;Misc;Atari;47
2784;Indiana Jones and the Staff of Kings;Wii;2009;Action;Activision;47
2803;Madden NFL 10;Wii;2009;Sports;Electronic Arts;47
2814;Just Dance Wii;Wii;2011;Misc;Nintendo;46
2819;Avatar: The Game;Wii;2009;Action;Ubisoft;47
2830;FIFA Soccer 13;Wii;2012;Action;Electronic Arts;47
2861;Dragon Quest Swords: The Masked Queen and the Tower of Mirrors;Wii;2007;Role-Playing;Square Enix;48
2879;LEGO Rock Band;Wii;2009;Misc;Warner Bros. Interactive Entertainment;47
2947;Disney Tangled;Wii;2010;Action;Disney Interactive Studios;47
2975;Kirby's Dream Collection: Special Edition;Wii;2012;Action;Nintendo;47
2976;Bakugan: Battle Brawlers;Wii;2009;Action;Activision;47
2978;The Last Story;Wii;2011;Role-Playing;Nintendo;47
3000;Red Steel;Wii;2006;Shooter;Ubisoft;47
3005;Country Dance;Wii;2011;Misc;Funbox Media;47
3021;The Biggest Loser: Challenge;Wii;2010;Sports;THQ;47
3026;Need For Speed: Undercover;Wii;2008;Racing;Electronic Arts;47
3027;Taiko no Tatsujin Wii;Wii;2008;Misc;Namco Bandai Games;46
3034;Summer Sports: Paradise Island (Others sales);Wii;2008;Sports;Ubisoft;47
3038;TV Show King Party;Wii;2008;Puzzle;Ubisoft;47
3040;007: Quantum of Solace;Wii;2008;Action;Activision;47
3041;Rock Band 3;Wii;2010;Misc;MTV Games;47
3068;Puzzler Brain Games;Wii;2012;Puzzle;Namco Bandai Games;46
3083;New Play Control! Pikmin;Wii;2008;Strategy;Nintendo;47
3109;Real Heroes: Firefighter;Wii;2009;Action;Rondomedia;47
3126;Disney Sing It: Party Hits;Wii;2010;Misc;Disney Interactive Studios;47
3131;The Black Eyed Peas Experience;Wii;2011;Misc;Ubisoft;47
3180;Donkey Kong Barrel Blast;Wii;2007;Racing;Nintendo;47
3181;Okami;Wii;2008;Action;Capcom;47
3184;Family Feud: 2010 Edition;Wii;2009;Misc;Ubisoft;47
3185;Red Steel 2;Wii;2010;Shooter;Ubisoft;47
3207;DJ Hero 2;Wii;2010;Misc;Activision;47
3210;Cabela's Big Game Hunter (2008);Wii;2007;Sports;Activision;47
3216;Metroid Prime: Trilogy;Wii;2009;Shooter;Nintendo;47
3232;World of Zoo;Wii;2009;Simulation;THQ;47
3266;SpongeBob's Atlantis SquarePantis;Wii;2007;Action;THQ;47
3285;Muramasa: The Demon Blade;Wii;2009;Role-Playing;Rising Star Games;47
3293;Disney Sing It: Family Hits;Wii;2010;Misc;Disney Interactive Studios;47
3297;New Carnival Games;Wii;2010;Misc;Take-Two Interactive;47
3303;Cabela's Monster Buck Hunter;Wii;2010;Sports;Activision;47
3306;New Play Control! Donkey Kong Jungle Beat;Wii;2008;Platform;Nintendo;47
3312;Pac-Man Party;Wii;2010;Misc;Namco Bandai Games;47
3325;Guitar Hero: Smash Hits;Wii;2009;Misc;Activision;47
3326;Disney TH!NK Fast: The Ultimate Trivia Showdown;Wii;2008;Misc;Disney Interactive Studios;47
3335;New Play Control! Pikmin 2;Wii;2009;Strategy;Nintendo;47
3346;Phineas and Ferb: Across the 2nd Dimension;Wii;2011;Action;Disney Interactive Studios;47
3348;The Golden Compass;Wii;N/A;Action;Sega;47
3366;Disney Sing It! High School Musical 3: Senior Year;Wii;2008;Misc;Disney Interactive Studios;47
3390;Jeopardy!;Wii;2010;Misc;THQ;47
3397;Iron Man;Wii;2008;Action;Sega;47
3412;Go Diego Go! Great Dinosaur Rescue;Wii;2008;Action;Take-Two Interactive;47
3413;Transformers: The Game (XBox 360, PS2, PS3, Wii & PC Versions);Wii;2007;Action;Activision;47
3424;Skate it;Wii;2008;Sports;Electronic Arts;47
3440;Top Spin 3;Wii;2008;Action;Take-Two Interactive;47
3441;Petz Dogz 2;Wii;2007;Simulation;Ubisoft;47
3443;The Conduit;Wii;2009;Shooter;Sega;47
3447;Cabela's Dangerous Hunts 2011;Wii;2010;Sports;Activision;47
3453;Trivial Pursuit;Wii;2009;Misc;Electronic Arts;47
3454;The Legend of Spyro: Dawn of the Dragon;Wii;2008;Platform;Vivendi Games;47
3457;Rayman Origins;Wii;2011;Platform;Ubisoft;47
3498;Rapala: We Fish;Wii;2009;Sports;Activision;47
3500;Tetris Party Deluxe;Wii;2010;Puzzle;Nintendo;47
3514;Up;Wii;2009;Action;THQ;47
3527;No More Heroes;Wii;2007;Action;Rising Star Games;47
3536;Jillian Michaels Fitness Ultimatum 2010;Wii;2009;Sports;Majesco Entertainment;47
3538;Grease;Wii;2010;Misc;505 Games;47
3542;Dora The Explorer: Dora Saves the Snow Princess;Wii;2008;Platform;Take-Two Interactive;47
3557;Bolt;Wii;2008;Adventure;Disney Interactive Studios;47
3589;Tony Hawk: Shred;Wii;2010;Sports;Activision;47
3597;Monster High: Ghoul Spirit;Wii;2011;Misc;THQ;47
3608;Madagascar: Escape 2 Africa;Wii;2008;Action;Activision;47
3619;Tiger Woods PGA Tour 11;Wii;2010;Sports;Electronic Arts;47
3622;Monster Jam: Path of Destruction;Wii;2010;Racing;Activision;47
3623;Rapala Tournament Fishing!;Wii;2006;Sports;Activision;47
3639;Harry Potter and the Deathly Hallows - Part 1;Wii;2010;Action;Electronic Arts;47
3654;Tatsunoko vs. Capcom: Ultimate All-Stars;Wii;2010;Fighting;Capcom;47
3677;Summer Sports: Paradise Island;Wii;2008;Sports;Ubisoft;47
3684;Are You Smarter than a 5th Grader? Make the Grade;Wii;2008;Misc;THQ;47
3698;Excite Truck;Wii;2006;Racing;Nintendo;50
3700;System 3 presents Ferrari Challenge Trofeo Pirelli;Wii;2008;Racing;System 3 Arcade Software;47
3714;Manhunt 2;Wii;2007;Action;Take-Two Interactive;47
3732;Madden NFL 13;Wii;2012;Sports;Electronic Arts;47
3754;Tales of Symphonia: Dawn of the New World;Wii;2008;Role-Playing;Namco Bandai Games;47
3763;SpongeBob SquarePants featuring Nicktoons: Globs of Doom;Wii;2008;Action;THQ;47
3797;We Cheer;Wii;2008;Simulation;505 Games;47
3800;Alice in Wonderland;Wii;2010;Adventure;Disney Interactive Studios;47
3815;Go Diego Go! Safari Rescue;Wii;2008;Action;Take-Two Interactive;47
3828;GT Pro Series;Wii;2006;Racing;Ubisoft;47
3832;Naruto Shippuden: Clash of Ninja Revolution 3;Wii;2009;Fighting;Nintendo;47
3850;Bully: Scholarship Edition;Wii;2008;Action;Take-Two Interactive;47
3854;Cars Toon: Mater's Tall Tales;Wii;2010;Misc;Disney Interactive Studios;47
3859;Ratatouille;Wii;2007;Action;THQ;47
3878;My Word Coach;Wii;2007;Misc;Ubisoft;47
3895;Pro Evolution Soccer 2010;Wii;2009;Sports;Konami Digital Entertainment;50
3903;Sega Bass Fishing;Wii;2008;Sports;Sega;47
3904;Fire Emblem: Radiant Dawn;Wii;2007;Strategy;Nintendo;47
3914;SpongeBob SquarePants: Creature from the Krusty Krab;Wii;2006;Platform;THQ;47
3930;NBA 2K11;Wii;2010;Action;Take-Two Interactive;47
3973;Babysitting Mama;Wii;2010;Simulation;505 Games;47
3974;Boogie;Wii;2007;Misc;Electronic Arts;47
3977;Madden NFL 07;Wii;2006;Sports;Electronic Arts;47
3982;Fortune Street;Wii;2011;Misc;Nintendo;47
4001;Dreamworks Madagascar Kartz;Wii;2009;Racing;Activision;47
4020;Cars Mater-National Championship;Wii;2007;Racing;THQ;47
4037;Ultimate I Spy;Wii;2008;Adventure;Scholastic Inc.;47
4045;Transformers: Revenge of the Fallen (XBox 360, PS3, & PC Versions);Wii;2009;Shooter;Activision;47
4069;Bass Pro Shops: The Strike;Wii;2009;Sports;XS Games;47
4080;Harry Potter and the Order of the Phoenix;Wii;2007;Action;Electronic Arts;47
4085;Dead Space Extraction;Wii;2009;Shooter;Electronic Arts;47
4091;Active Life: Extreme Challenge;Wii;2009;Sports;Namco Bandai Games;47
4092;The Sims 2: Pets;Wii;2007;Simulation;Electronic Arts;47
4097;Silent Hill: Shattered Memories;Wii;2009;Action;Konami Digital Entertainment;47
4106;Pinball Hall of Fame: The Williams Collection;Wii;2008;Misc;System 3 Arcade Software;47
4126;Need for Speed: Hot Pursuit;Wii;2010;Racing;Electronic Arts;47
4130;FlingSmash;Wii;2010;Action;Nintendo;50
4132;Spider-Man 3;Wii;2007;Platform;Activision;47
4135;Tomb Raider: Underworld;Wii;2008;Action;Eidos Interactive;47
4142;Ford Racing Off Road;Wii;2008;Racing;Xplosiv;47
4143;SimCity Creator;Wii;2008;Simulation;Electronic Arts;50
4146;Emergency Heroes;Wii;2008;Racing;Ubisoft;47
4159;MySims Racing;Wii;2009;Racing;Electronic Arts;47
4171;WWE SmackDown vs. Raw 2011;Wii;2010;Fighting;THQ;47
4172;Dragon Quest 25 Shuunen Kinin: Famicom & Super Famicom Dragon Quest I-II-III;Wii;2011;Role-Playing;Square Enix;49
4174;Petz Sports;Wii;2008;Simulation;Ubisoft;47
4193;Boom Blox Bash Party;Wii;2009;Puzzle;Electronic Arts;47
4198;The Princess and the Frog;Wii;2009;Platform;Disney Interactive Studios;47
4201;Tiger Woods PGA Tour 07;Wii;N/A;Sports;Electronic Arts;47
4217;We Sing Encore;Wii;2010;Misc;Nordic Games;47
4235;Country Dance 2;Wii;2011;Misc;GameMill Entertainment;47
4237;Crash of the Titans;Wii;2007;Action;Vivendi Games;47
4255;Walk it Out!;Wii;2010;Sports;Konami Digital Entertainment;47
4277;Madden NFL 12;Wii;2011;Sports;Electronic Arts;47
4288;Scooby-Doo! and the Spooky Swamp;Wii;2010;Action;Warner Bros. Interactive Entertainment;47
4300;iCarly;Wii;2009;Adventure;Activision;47
4304;Disney Guilty Party;Wii;2010;Misc;Disney Interactive Studios;47
4306;Pirates of the Caribbean: At World's End;Wii;2007;Action;Disney Interactive Studios;47
4317;Barbie as The Island Princess;Wii;2007;Adventure;Activision;47
4322;Crash: Mind Over Mutant;Wii;2008;Platform;Vivendi Games;47
4330;NBA 2K13;Wii;2012;Sports;Take-Two Interactive;47
4336;Karaoke Revolution Presents American Idol Encore;Wii;2008;Misc;Konami Digital Entertainment;47
4347;Thrillville: Off the Rails;Wii;2007;Strategy;LucasArts;47
4353;Rock Band Country Track Pack;Wii;2009;Misc;MTV Games;47
4357;PES 2009: Pro Evolution Soccer;Wii;2009;Sports;Konami Digital Entertainment;50
4361;Samurai Warriors 3;Wii;2009;Action;Nintendo;47
4369;Dance Dance Revolution: Hottest Party 3;Wii;2009;Simulation;Konami Digital Entertainment;47
4371;Petz: Catz 2;Wii;2007;Simulation;Ubisoft;47
4403;Celebrity Sports Showdown;Wii;2008;Sports;Electronic Arts;47
4408;Karaoke Revolution;Wii;2009;Misc;Konami Digital Entertainment;47
4425;Food Network: Cook or Be Cooked;Wii;2009;Misc;Namco Bandai Games;47
4436;G-Force;Wii;2009;Action;Disney Interactive Studios;47
4437;Ben 10 Alien Force: Vilgax Attacks;Wii;2009;Action;D3Publisher;47
4446;Family Fest Presents Circus Games;Wii;2008;Misc;Ubisoft;47
4455;Sin and Punishment: Star Successor;Wii;2009;Shooter;Nintendo;50
4456;Jump Start Pet Rescue;Wii;2009;Misc;Knowledge Adventure;47
4484;Nicktoons: Attack of the Toybots;Wii;2007;Platform;THQ;47
4488;Just Dance: Summer Party;Wii;2011;Misc;Ubisoft;47
4493;Remington Great American Bird Hunt;Wii;2009;Sports;Mastiff;47
4513;NBA Jam;Wii;2010;Sports;Electronic Arts;47
4525;2010 FIFA World Cup South Africa;Wii;2010;Sports;Electronic Arts;47
4531;How to Train Your Dragon;Wii;2010;Action;Activision;47
4538;NHL Slapshot;Wii;N/A;Sports;Unknown;47
4540;FIFA 14;Wii;2013;Sports;Electronic Arts;47
4553;NASCAR Kart Racing;Wii;2009;Racing;Electronic Arts;47
4560;Petz: Horsez 2;Wii;2007;Simulation;Ubisoft;47
4592;Medal of Honor Heroes 2;Wii;2007;Shooter;Electronic Arts;47
4608;NiGHTS: Journey of Dreams;Wii;2007;Platform;Sega;50
4641;JumpStart: Escape from Adventure Island;Wii;2009;Adventure;Knowledge Adventure;47
4646;Monster Jam: Urban Assault;Wii;2008;Racing;Activision;47
4655;Zack & Wiki: Quest for Barbaros' Treasure;Wii;2007;Adventure;Nintendo;50
4662;Fishing Resort;Wii;2011;Sports;Namco Bandai Games;47
4715;Six Flags Fun Park;Wii;2009;Misc;Ubisoft;50
4716;Spore Hero;Wii;2009;Simulation;Electronic Arts;50
4720;Monotaro Dentetsu 2010: Sengoku Ishin no Hero Daishuugou! no Maki;Wii;2009;Misc;Hudson Soft;49
4724;SpongeBob SquigglePants;Wii;2011;Misc;THQ;50
4737;Monster Trucks Mayhem;Wii;2009;Racing;Zoo Games;50
4738;Winter Sports 2: The Next Challenge;Wii;2008;Sports;RTL;50
4743;Disney Princess: Enchanting Storybooks;Wii;2011;Misc;THQ;50
4747;No More Heroes 2: Desperate Struggle;Wii;2010;Action;Rising Star Games;50
4752;Marvel: Ultimate Alliance;Wii;2006;Role-Playing;Activision;50
4759;Speed Racer: The Videogame;Wii;2008;Racing;Warner Bros. Interactive Entertainment;50
4761;Littlest Pet Shop;Wii;2008;Simulation;Electronic Arts;50
4787;Super Monkey Ball: Step & Roll;Wii;2010;Action;Sega;50
4800;WipeOut 3 The Game;Wii;2012;Action;Activision;50
4801;Taiko no Tatsujin Wii: Dodon to 2 Yome!;Wii;2009;Misc;Namco Bandai Games;49
4819;TMNT;Wii;2007;Action;Ubisoft;50
4820;Final Fantasy Crystal Chronicles: The Crystal Bearers;Wii;2009;Action;Square Enix;50
4843;SpongeBob's Truth or Square (US sales);Wii;2009;Action;THQ;50
4888;NBA 2K10;Wii;2009;Sports;Take-Two Interactive;50
4891;Brunswick Pro Bowling;Wii;2007;Sports;505 Games;50
4899;Naruto: Clash of Ninja Revolution 2;Wii;2008;Fighting;Tomy Corporation;50
4903;Rune Factory: Frontier;Wii;2008;Role-Playing;Rising Star Games;50
4923;Mystery Case Files: The Malgrave Incident;Wii;2011;Adventure;Nintendo;50
4927;Taiko no Tatsujin Wii: Ketteiban;Wii;2011;Misc;Namco Bandai Games;49
4940;Dancing with the Stars: We Dance!;Wii;2008;Misc;Activision;50
4943;Sesame Street: Elmo's A-to-Zoo Adventure;Wii;2010;Misc;Warner Bros. Interactive Entertainment;50
4951;Imagine: Party Babyz;Wii;2008;Simulation;Ubisoft;50
4957;The Dog Island;Wii;2007;Adventure;Ubisoft;50
4966;Hooked! Again: Real Motion Fishing;Wii;2009;Sports;505 Games;50
4974;Dance Party: Pop Hits;Wii;2009;Misc;Nordic Games;50
4992;Cabela's Dangerous Hunts 2009;Wii;2008;Sports;Activision Value;50
4993;Fragile Dreams: Farewell Ruins of the Moon;Wii;2009;Role-Playing;Rising Star Games;50
4997;Peppa Pig: The Game;Wii;2009;Misc;Pinnacle;50
5018;Overlord: Dark Legend;Wii;2009;Action;Codemasters;50
5036;Virtua Tennis 2009;Wii;2009;Sports;Sega;50
5040;Cabela's Big Game Hunter 2012;Wii;2011;Sports;Activision;50
5043;DiRT 2;Wii;2009;Racing;Codemasters;50
5062;ZhuZhu Pets: Featuring The Wild Bunch;Wii;2010;Simulation;Activision;50
5065;Green Day: Rock Band;Wii;2010;Misc;MTV Games;50
5078;Marvel Super Hero Squad;Wii;2009;Fighting;THQ;50
5101;The BIGS;Wii;2007;Sports;Take-Two Interactive;50
5105;Mini Ninjas;Wii;2009;Action;Eidos Interactive;50
5119;Tiger Woods PGA Tour 12: The Masters;Wii;2011;Sports;Electronic Arts;50
5125;Rec Room Games;Wii;2009;Sports;Destineer;50
5151;Build-A-Bear Workshop: A Friend Fur All Seasons;Wii;2008;Simulation;Game Factory;50
5163;The Chronicles of Narnia: Prince Caspian;Wii;2008;Action;Disney Interactive Studios;50
5195;Press Your Luck 2010 Edition;Wii;2009;Misc;Ubisoft;50
5200;NHL 2K10;Wii;2009;Sports;Take-Two Interactive;50
5211;North American Hunting Extravaganza;Wii;2008;Sports;Zushi Games;50
5215;AMF Bowling World Lanes;Wii;2008;Sports;Bethesda Softworks;50
5222;NBA 2K12;Wii;2011;Sports;Take-Two Interactive;50
5223;Teenage Mutant Ninja Turtles: Smash-Up;Wii;2009;Fighting;Ubisoft;50
5235;WWE '12;Wii;2011;Fighting;THQ;50
5240;U-Sing;Wii;2009;Misc;Mindscape;50
5243;Chicken Shoot;Wii;2007;Action;Zoo Digital Publishing;50
5246;We Sing Deutsche Hits;Wii;2011;Misc;Nordic Games;50
5249;DanceDanceRevolution;Wii;2010;Simulation;Konami Digital Entertainment;50
5268;Trauma Center: Second Opinion;Wii;2006;Simulation;Nintendo;50
5276;Battalion Wars 2;Wii;2007;Strategy;Nintendo;50
5278;SpongeBob's Boating Bash;Wii;2010;Misc;THQ;50
5300;Def Jam Rapstar;Wii;2010;Misc;Konami Digital Entertainment;50
5302;Hannah Montana: The Movie;Wii;2009;Adventure;Disney Interactive Studios;50
5303;Angry Birds Star Wars;Wii;2013;Strategy;Activision;50
5304;Dragon Ball Z: Budokai Tenkaichi 2 (JP sales);Wii;N/A;Action;N/A;50
5309;Harry Potter and the Deathly Hallows - Part 2;Wii;2011;Action;Electronic Arts;50
5372;Chicken Riot;Wii;2010;Action;City Interactive;50
5387;Power Rangers Samurai;Wii;2011;Action;Namco Bandai Games;50
5392;The Adventures of Tintin: The Game;Wii;2011;Action;Ubisoft;50
5393;Bee Movie Game;Wii;2007;Action;Activision;50
5401;MX vs. ATV Untamed;Wii;2008;Racing;THQ;50
5448;Pandora's Tower;Wii;2011;Role-Playing;Nintendo;50
5454;The X-Factor;Wii;2010;Misc;Deep Silver;50
5461;Wipeout 2;Wii;2011;Misc;Activision;50
5462;Iron Man 2;Wii;2010;Action;Sega;50
5466;Marvel: Ultimate Alliance 2;Wii;2009;Role-Playing;Activision;50
5473;Chicken Blaster;Wii;2009;Shooter;Zushi Games;50
5474;Family Party: 90 Great Games Party Pack;Wii;2010;Misc;D3Publisher;50
5478;Hell's Kitchen: The Game;Wii;2008;Simulation;Ubisoft;50
5497;Night at the Museum: Battle of the Smithsonian;Wii;2009;Action;Majesco Entertainment;50
5523;Elebits;Wii;2006;Action;Konami Digital Entertainment;50
5528;SSX Blur;Wii;2007;Sports;Electronic Arts;50
5544;Despicable Me: The Game;Wii;2010;Platform;D3Publisher;50
5565;Karaoke Revolution Presents American Idol Encore 2;Wii;2008;Misc;Konami Digital Entertainment;50
5570;Bleach: Shattered Blade;Wii;2006;Fighting;Sega;50
5607;Bigfoot: Collision Course;Wii;2008;Racing;Zoo Digital Publishing;50
5612;Birthday Party Bash;Wii;2009;Misc;Take-Two Interactive;50
5629;SimAnimals;Wii;2009;Simulation;Electronic Arts;50
5640;My Horse & Me;Wii;2007;Sports;Atari;50
5645;Gold's Gym: Cardio Workout (Others sales);Wii;2008;Sports;Ubisoft;50
5666;Monster Lab;Wii;2008;Role-Playing;Eidos Interactive;50
5667;Dragon Quest Monsters: Battle Road Victory;Wii;2010;Strategy;Square Enix;47
5694;Resident Evil Archives: Resident Evil;Wii;2008;Action;Capcom;50
5704;ExerBeat;Wii;2010;Sports;Namco Bandai Games;50
5708;Sesame Street: Cookie's Counting Carnival;Wii;2010;Misc;Warner Bros. Interactive Entertainment;50
5710;Fishing Master;Wii;2007;Misc;Konami Digital Entertainment;50
5721;The Incredible Hulk;Wii;2008;Action;Sega;50
5753;Cabela's Outdoor Adventures (2009);Wii;2009;Sports;Activision Value;50
5766;Calvin Tucker's Redneck Jamboree;Wii;2008;Misc;Zoo Games;50
5767;MySims SkyHeroes;Wii;2010;Action;Electronic Arts;50
5769;Shrek's Carnival Craze Party Games;Wii;2008;Misc;Activision;50
5770;Harvest Moon: Magical Melody;Wii;2008;Simulation;Rising Star Games;50
5774;Little King's Story;Wii;2009;Strategy;Rising Star Games;50
5782;Rapala Pro Bass Fishing 2010;Wii;2010;Sports;Activision;50
5807;Shaun White Snowboarding: World Stage;Wii;2009;Sports;Ubisoft;50
5834;Karaoke Revolution Glee: Volume 3;Wii;2011;Misc;Konami Digital Entertainment;50
5839;Trauma Center: New Blood;Wii;2007;Simulation;Nintendo;50
5853;Shrek: Forever After;Wii;2010;Platform;Activision;50
5877;Wacky Races: Crash & Dash;Wii;2008;Racing;Eidos Interactive;50
5880;Sengoku Basara: Samurai Heroes;Wii;2010;Action;Capcom;47
5916;We Sing Pop!;Wii;2012;Misc;Nordic Games;50
5919;Reel Fishing: Angler's Dream;Wii;2009;Sports;Zushi Games;50
5928;Taiko no Tatsujin Wii: Minna de Party * 3-Yome!;Wii;2010;Misc;Namco Bandai Games;47
5952;Batman: The Brave and the Bold the Videogame;Wii;2010;Action;Warner Bros. Interactive Entertainment;50
5953;Dragon Ball Z: Budokai Tenkaichi 2;Wii;2006;Fighting;Atari;50
5957;Just Dance Kids 2;Wii;2011;Misc;Ubisoft;50
5966;The BIGS 2;Wii;2009;Sports;Take-Two Interactive;50
5976;MLB Power Pros;Wii;2007;Sports;Konami Digital Entertainment;50
5984;Prince of Persia: Rival Swords;Wii;2007;Action;Ubisoft;50
5985;One Piece Unlimited Cruise 2: Awakening of a Hero;Wii;2009;Action;Namco Bandai Games;47
5990;Punch-Out!!;Wii;2007;Sports;Nintendo;50
5996;Guitar Hero: Van Halen;Wii;2009;Misc;Activision;50
6002;Ben 10 Ultimate Alien: Cosmic Destruction;Wii;2010;Platform;D3Publisher;50
6006;Need for Speed: The Run;Wii;2011;Action;Electronic Arts;50
6012;The Smurfs: Dance Party;Wii;2011;Misc;Ubisoft;50
6013;Disney Channel: All Star Party;Wii;2010;Misc;Disney Interactive Studios;50
6019;CSI: Deadly Intent;Wii;2009;Adventure;Ubisoft;50
6040;Dead Rising: Chop Till You Drop;Wii;2009;Action;Capcom;50
6046;Just Dance Wii 2;Wii;2012;Misc;Nintendo;47
6057;WWII Aces;Wii;2008;Simulation;Destineer;50
6058;Puzzle Quest: Challenge of the Warlords;Wii;2007;Puzzle;D3Publisher;50
6069;Shrek the Third;Wii;2007;Action;Activision;50
6071;Purr Pals;Wii;2008;Simulation;Deep Silver;50
6082;I Spy: Spooky Mansion;Wii;2010;Puzzle;Storm City Games;50
6108;Ice Age: Dawn of the Dinosaurs;Wii;2009;Action;Activision;50
6125;NHL 2K11;Wii;2010;Sports;Take-Two Interactive;50
6145;Avatar: The Last Airbender;Wii;2006;Adventure;THQ;50
6173;Remington Super Slam Hunting: Africa;Wii;2010;Sports;Mastiff;50
6226;Transformers: Cybertron Adventures;Wii;2010;Action;Activision;50
6239;AC/DC LIVE: Rock Band Track Pack;Wii;2008;Misc;MTV Games;50
6247;One Piece Unlimited Cruise 1: The Treasure Beneath the Waves;Wii;2008;Adventure;Namco Bandai Games;47
6248;Marvel Super Hero Squad: The Infinity Gauntlet;Wii;2010;Action;THQ;50
6259;ExciteBots: Trick Racing;Wii;2009;Racing;Nintendo;50
6268;How to Train Your Dragon 2;Wii;2014;Adventure;Little Orbit;50
6279;Zumba Fitness: World Party;Wii;2013;Misc;Majesco Entertainment;50
6338;Bratz: The Movie;Wii;2007;Simulation;THQ;50
6361;Summer Athletics: The Ultimate Challenge (US sales);Wii;2008;Sports;DTP Entertainment;50
6368;Major League Baseball 2K10;Wii;2010;Sports;Take-Two Interactive;50
6387;Dora the Explorer: Dora Saves the Crystal Kingdom;Wii;2009;Misc;Take-Two Interactive;50
6404;Are You Smarter than a 5th Grader? Game Time;Wii;2009;Puzzle;THQ;50
6425;Major League Baseball 2K9;Wii;2009;Sports;Take-Two Interactive;50
6430;Summer Sports 2: Island Sports Party;Wii;2008;Sports;Ubisoft;50
6431;Imagine: Fashion Party;Wii;2009;Simulation;Ubisoft;50
6433;Scene It? Twilight;Wii;2009;Misc;Konami Digital Entertainment;50
6435;Don King Boxing;Wii;2009;Sports;Take-Two Interactive;50
6444;Reload: Target Down;Wii;2010;Shooter;Mastiff;50
6448;Barbie: Jet, Set & Style!;Wii;2011;Misc;THQ;50
6453;Create;Wii;2010;Action;Electronic Arts;50
6455;Littlest Pet Shop: Friends;Wii;2009;Simulation;Electronic Arts;50
6467;Skylanders: SuperChargers;Wii;2015;Action;Activision;50
6480;We Cheer 2;Wii;2009;Simulation;Namco Bandai Games;50
6486;Project Runway;Wii;2010;Simulation;Atari;50
6491;Inazuma Eleven Strikers;Wii;2011;Role-Playing;Nintendo;47
6497;Final Fantasy Crystal Chronicles: Echoes of Time;Wii;2009;Role-Playing;Square Enix;50
6503;Minute to Win It;Wii;2010;Misc;Zoo Games;50
6505;Racquet Sports;Wii;2010;Sports;Ubisoft;50
6543;Monsters vs. Aliens;Wii;2009;Action;Activision;50
6551;Karaoke Joysound Wii;Wii;2008;Misc;Hudson Soft;47
6557;Avatar: The Last Airbender - The Burning Earth;Wii;2007;Action;THQ;50
6571;Daisy Fuentes Pilates;Wii;2009;Sports;505 Games;50
6575;Petz: Crazy Monkeyz;Wii;2008;Simulation;Ubisoft;50
6605;Nickelodeon Dance;Wii;2011;Misc;Take-Two Interactive;50
6627;Resident Evil Archives: Resident Evil Zero;Wii;2008;Action;Capcom;50
6646;Tony Hawk's Proving Ground;Wii;2007;Sports;Activision;50
6667;Spider-Man: Web of Shadows;Wii;2008;Action;Activision;50
6684;Mortal Kombat: Armageddon;Wii;2007;Fighting;Midway Games;50
6696;U-Sing: Girls Night;Wii;2010;Misc;Mindscape;50
6715;Ultimate Band;Wii;2008;Misc;Disney Interactive Studios;50
6722;X-Men Origins: Wolverine;Wii;2009;Action;Activision;50
6727;Prince of Persia: The Forgotten Sands;Wii;2010;Action;Ubisoft;50
6737;Dood's Big Adventure;Wii;2010;Platform;THQ;50
6739;We Love Golf!;Wii;2007;Sports;Capcom;50
6748;Monster Hunter G;Wii;2009;Role-Playing;Capcom;47
6787;Broken Sword: Shadow of the Templars - The Director's Cut;Wii;2009;Adventure;Ubisoft;50
6820;Spider-Man: Shattered Dimensions;Wii;2010;Action;Activision;50
6824;Deca Sports 3;Wii;2010;Sports;Hudson Soft;50
6829;Bass Pro Shops: The Hunt;Wii;2010;Sports;XS Games;50
6831;Boogie SuperStar;Wii;2008;Misc;Electronic Arts;50
6833;Rock Band Track Pack Volume 1;Wii;2008;Misc;MTV Games;50
6842;Dancing With The Stars;Wii;2007;Misc;Activision;50
6846;Megamind: Mega Team Unite;Wii;2010;Adventure;THQ;50
6847;PDC World Championship Darts 2008;Wii;2008;Sports;Oxygen Interactive;50
6852;The Lord of the Rings: Aragorn's Quest;Wii;2010;Action;Warner Bros. Interactive Entertainment;50
6859;The Price is Right 2010 Edition;Wii;2009;Misc;Ubisoft;50
6875;Rock Band Track Pack Volume 2;Wii;2008;Misc;MTV Games;50
6882;Ashes Cricket 2009;Wii;2009;Sports;Codemasters;50
6901;Hello Kitty Seasons;Wii;2010;Adventure;Namco Bandai Games;50
6928;DanceDanceRevolution II;Wii;N/A;Misc;Konami Digital Entertainment;50
6931;TrackMania: Build to Race;Wii;2010;Racing;Focus Home Interactive;50
6939;Tony Hawk's Downhill Jam;Wii;N/A;Sports;Activision;50
6947;NASCAR 2011: The Game;Wii;2011;Racing;Activision;50
6967;Big Family Games;Wii;2009;Misc;THQ;50
6968;Big Beach Sports 2;Wii;N/A;Sports;THQ;50
7001;M&M's Kart Racing;Wii;2007;Racing;Zoo Digital Publishing;50
7002;Rock Band Track Pack: Classic Rock;Wii;2009;Misc;MTV Games;50
7005;Looney Tunes: Acme Arsenal;Wii;2007;Action;Warner Bros. Interactive Entertainment;50
7012;Pitfall: The Big Adventure;Wii;2008;Adventure;Activision;50
7014;Worms: Battle Islands;Wii;2010;Strategy;THQ;50
7034;Ultimate Duck Hunting: Hunting & Retrieving Ducks;Wii;2007;Sports;Detn8 Games;50
7045;Karaoke Revolution Glee 2: Road to Regionals;Wii;2011;Misc;Konami Digital Entertainment;50
7055;Deadly Creatures;Wii;2009;Action;THQ;50
7060;Neopets Puzzle Adventure;Wii;2008;Puzzle;Capcom;50
7064;Family Fest presents: Movie Games;Wii;2008;Action;Ubisoft;50
7079;Petz Rescue: Wildlife Vet;Wii;2008;Simulation;Ubisoft;50
7082;Super Swing Golf;Wii;2006;Sports;Nintendo;50
7085;Barbie and the Three Musketeers;Wii;2009;Adventure;Activision;50
7090;pro evolution soccer 2011;Wii;2010;Sports;Konami Digital Entertainment;50
7102;MySims Party;Wii;2009;Simulation;Electronic Arts;50
7103;TRON: Evolution - Battle Grids;Wii;2010;Racing;Disney Interactive Studios;50
7105;Hooked! Real Motion Fishing;Wii;2007;Sports;505 Games;50
7113;Family Party: 30 Great Games Winter Fun;Wii;2010;Sports;D3Publisher;50
7115;101-in-1 Party Megamix Wii;Wii;2009;Misc;Nordcurrent;50
7120;All Star Karate;Wii;2010;Action;THQ;50
7137;FaceBreaker K.O. Party;Wii;2008;Fighting;Electronic Arts;50
7158;Kidz Bop Dance Party! The Video Game;Wii;2010;Misc;D3Publisher;50
7181;A Boy and His Blob;Wii;2009;Platform;Majesco Entertainment;50
7189;The Legend of Spyro: The Eternal Night;Wii;2007;Platform;Vivendi Games;50
7191;Rampage: Total Destruction;Wii;2006;Action;Midway Games;50
7193;Petz: Horse Club;Wii;2008;Misc;Ubisoft;50
7195;Rapala's Fishing Frenzy;Wii;2008;Sports;Activision;50
7198;Puss in Boots;Wii;2011;Action;THQ;50
7205;Barbie: Groom and Glam Pups;Wii;2010;Action;THQ;50
7207;Tenchu: Shadow Assassins;Wii;2008;Action;Ubisoft;50
7209;CSI: Fatal Conspiracy;Wii;2010;Adventure;Ubisoft;50
7220;Cursed Mountain;Wii;2009;Adventure;Deep Silver;50
7230;Tales of Graces;Wii;2009;Role-Playing;Namco Bandai Games;47
7234;ATV Quad Kings;Wii;2009;Racing;Zoo Digital Publishing;50
7244;G.I. Joe: The Rise of Cobra;Wii;2009;Action;Electronic Arts;50
7253;NBA Live 09 All-Play;Wii;2008;Sports;Electronic Arts;50
7259;You Don't Know Jack;Wii;2011;Misc;THQ;50
7291;Order Up!;Wii;2008;Misc;Zoo Digital Publishing;50
7298;Summer Athletics: The Ultimate Challenge (Others sales);Wii;2008;Sports;DTP Entertainment;50
7319;Are You Smarter Than a 5th Grader? Back to School;Wii;2010;Misc;Nintendo;50
7330;Final Fantasy Fables: Chocobo's Dungeon;Wii;2007;Role-Playing;Square Enix;50
7335;We Sing Robbie Williams;Wii;2010;Misc;Nordic Games;50
7336;Backyard NFL Football '09;Wii;2008;Sports;Atari;50
7337;Pro Evolution Soccer 2012;Wii;2011;Action;Konami Digital Entertainment;50
7363;Bratz: Girlz Really Rock;Wii;2008;Action;THQ;50
7374;Now! That's What I Call Music: Dance & Sing;Wii;2011;Misc;Unknown;50
7388;Hidden Mysteries: Titanic - Secrets of the Fateful Voyage;Wii;2009;Adventure;GSP;50
7394;Yoga Wii;Wii;2009;Sports;JoWood Productions;50
7396;Cabela's Survival: Shadows of Katmai;Wii;2011;Sports;Activision;50
7402;Namco Museum Megamix;Wii;2010;Misc;Namco Bandai Games;50
7438;Just Dance: Greatest Hits;Wii;2012;Misc;Ubisoft;50
7445;The Last Airbender;Wii;2010;Action;THQ;50
7474;The Naked Brothers Band: The Video Game;Wii;2008;Misc;THQ;50
7476;Rune Factory: Tides of Destiny;Wii;2011;Role-Playing;Marvelous Interactive;50
7480;Dawn of Discovery;Wii;2009;Simulation;Ubisoft;50
7498;Battle of Giants: Dinosaurs Strike;Wii;2010;Strategy;Ubisoft;50
7503;Cabela's North American Adventures;Wii;2010;Sports;Activision;50
7506;WWE All Stars;Wii;2011;Fighting;THQ;50
7517;Planet 51;Wii;2009;Action;Sega;50
7520;My Fitness Coach 2: Exercise and Nutrition;Wii;2009;Sports;Black Bean Games;50
7531;Just Dance 2: Extra Songs;Wii;2011;Misc;Ubisoft;50
7541;The Ultimate Red Ball Challenge;Wii;2009;Misc;Mindscape;50
7557;Dragon Ball: Revenge of King Piccolo;Wii;2009;Action;Namco Bandai Games;50
7558;Spectrobes: Origins;Wii;2009;Role-Playing;Disney Interactive Studios;50
7569;Neighborhood Games;Wii;2009;Misc;THQ;50
7640;Hot Wheels: Track Attack;Wii;2010;Racing;THQ;50
7641;Schlag den Raab;Wii;2010;Misc;Namco Bandai Games;50
7652;We Wish You A Merry Christmas;Wii;2009;Action;Destineer;50
7659;UFC Personal Trainer: The Ultimate Fitness System;Wii;2011;Sports;THQ;50
7670;Family Feud: 2012 Edition;Wii;2011;Misc;Ubisoft;50
7691;Barbie Horse Adventures: Riding Camp;Wii;2008;Sports;Activision;50
7693;Go Play: Lumberjacks;Wii;2009;Simulation;Majesco Entertainment;50
7696;NASCAR Unleashed;Wii;2011;Racing;Activision;50
7700;Shiren the Wanderer;Wii;2008;Role-Playing;Sega;50
7721;Marvel Super Hero Squad: Comic Combat;Wii;2011;Action;THQ;50
7725;Beyblade: Metal Fusion - Battle Fortress;Wii;2009;Action;Konami Digital Entertainment;50
7739;Arcade Shooting Gallery;Wii;2008;Shooter;Zoo Games;50
7754;Arc Rise Fantasia;Wii;2009;Role-Playing;Marvelous Interactive;50
7755;Ni Hao, Kai-lan: Super Game Day;Wii;2009;Misc;Take-Two Interactive;50
7761;The Spiderwick Chronicles;Wii;2008;Action;Vivendi Games;50
7777;Rio;Wii;2011;Misc;THQ;50
7805;Jeep Thrills;Wii;2008;Racing;Zoo Digital Publishing;50
7810;Avatar: The Last Airbender - Into the Inferno;Wii;2008;Adventure;THQ;50
7815;Chaotic: Shadow Warriors;Wii;2009;Action;Activision;50
7837;uDraw Studio: Instant Artist;Wii;2011;Misc;THQ;50
7847;Inazuma Eleven Strikers 2012 Xtreme;Wii;2011;Role-Playing;Level 5;47
7854;Monster 4x4: Stunt Racer;Wii;2009;Racing;Ubisoft;50
7869;Squeeballs Party;Wii;2009;Puzzle;Performance Designed Products;50
7871;Where's Waldo? The Fantastic Journey;Wii;2009;Adventure;Ubisoft;50
7872;Family Game Night 4: The Game Show;Wii;2011;Misc;Electronic Arts;50
7889;Tamagotchi Party On!;Wii;2006;Misc;Namco Bandai Games;50
7896;Shaun White Skateboarding;Wii;2010;Sports;Ubisoft;50
7907;Sing4: The Hits Edition;Wii;2011;Misc;Crave Entertainment;50
7924;Mushroom Men: The Spore Wars;Wii;2008;Action;SouthPeak Games;50
7928;SoulCalibur Legends;Wii;2007;Action;Namco Bandai Games;50
7935;Doctor Who: Return to Earth;Wii;2010;Adventure;Asylum Entertainment;50
7936;The Munchables;Wii;2009;Action;Namco Bandai Games;50
7937;We Dance;Wii;2011;Misc;Nordic Games;50
7941;Mathews Bowhunting;Wii;2010;Sports;Zoo Games;50
7943;One Piece: Unlimited Adventure;Wii;2007;Adventure;Namco Bandai Games;50
7944;Remington Super Slam Hunting: North America;Wii;2010;Sports;Mastiff;50
7950;Disney's Meet the Robinsons;Wii;2007;Action;Disney Interactive Studios;50
7967;MotoGP;Wii;2009;Racing;Capcom;50
7981;Hot Wheels: Battle Force 5;Wii;2009;Racing;Activision;50
7982;Dragon Blade: Wrath of Fire;Wii;2007;Action;D3Publisher;50
8003;Dance Dance Revolution: Disney Grooves;Wii;2009;Simulation;Konami Digital Entertainment;50
8013;NBA Live 08;Wii;2007;Sports;Electronic Arts;50
8018;Ringling Bros. and Barnum & Bailey Circus;Wii;2009;Action;Take-Two Interactive;50
8026;Naruto Shippuden: Dragon Blade Chronicles;Wii;2009;Action;505 Games;50
8032;de Blob 2;Wii;2011;Platform;THQ;50
8041;Alone in the Dark;Wii;2008;Adventure;Atari;50
8046;Trauma Team;Wii;N/A;Simulation;Unknown;50
8061;Let's TAP;Wii;2008;Misc;Sega;50
8064;Cabela's Adventure Camp;Wii;2011;Misc;Activision;50
8068;We Sing UK Hits;Wii;2011;Misc;Nordic Games;50
8072;Rabbids Party Collection;Wii;2010;Misc;Ubisoft;50
8125;Cabela's Legendary Adventures;Wii;2008;Sports;Activision;50
8127;Transformers: Dark of the Moon;Wii;2011;Action;Activision;50
8143;Pirates: Hunt For Blackbeard's Booty;Wii;2008;Adventure;Activision;50
8150;Mercury Meltdown Revolution;Wii;2007;Action;Ignition Entertainment;50
8152;WordJong Party;Wii;2008;Puzzle;Destineer;50
8178;Driver: San Francisco;Wii;2011;Racing;Ubisoft;50
8180;Shawn Johnson Gymnastics;Wii;2010;Sports;Zoo Games;50
8187;Brunswick Cosmic Bowling;Wii;2010;Sports;GameMill Entertainment;50
8207;Castlevania Judgment;Wii;2008;Fighting;Konami Digital Entertainment;50
8255;Iron Chef America: Supreme Cuisine;Wii;2008;Simulation;Destineer;50
8260;NCAA Football 09 All-Play;Wii;2008;Sports;Electronic Arts;50
8281;Goosebumps HorrorLand;Wii;2008;Adventure;Scholastic Inc.;50
8307;Chuck E. Cheese's Party Games;Wii;2010;Misc;UFO Interactive;50
8313;Jillian Michaels Fitness Ultimatum 2011;Wii;2010;Sports;D3Publisher;50
8323;Backyard NFL Football '10;Wii;2009;Sports;Atari;50
8324;Professor Heinz Wolff's Gravity;Wii;2008;Puzzle;Deep Silver;50
8333;Luxor 3;Wii;2008;Puzzle;Mumbo Jumbo;50
8334;Bratz Kidz;Wii;2008;Misc;Game Factory;50
8344;Zoo Hospital;Wii;2008;Simulation;Majesco Entertainment;50
8355;Family Feud Decades;Wii;2010;Misc;Ubisoft;50
8364;Marble Saga: Kororinpa;Wii;2009;Puzzle;Konami Digital Entertainment;50
8371;Disney's Planes;Wii;2013;Simulation;Disney Interactive Studios;50
8372;Bomberman Land;Wii;2007;Misc;Rising Star Games;50
8395;Bakugan Battle Brawlers: Defenders of the Core;Wii;2010;Action;Activision;50
8401;Surf's Up;Wii;2007;Sports;Ubisoft;50
8404;I'm A Celebrity: Get Me Out of Here!;Wii;2009;Misc;Mindscape;50
8440;Klonoa;Wii;2008;Platform;Namco Bandai Games;50
8467;Sid Meier's Pirates!;Wii;2010;Strategy;Take-Two Interactive;50
8473;Hamster Heroes;Wii;2008;Puzzle;Popcorn Arcade;50
8484;Gunslingers;Wii;2010;Shooter;Neko Entertainment;50
8489;Thor: God of Thunder;Wii;2011;Action;Sega;50
8503;Monster Jam;Wii;2007;Racing;Activision;50
8504;Medieval Games;Wii;2009;Action;Vir2L Studios;50
8506;The Amazing Spider-Man (Console Version);Wii;2012;Action;Activision;50
8507;Kid Adventures: Sky Captain;Wii;2010;Action;Unknown;50
8511;Godzilla Unleashed;Wii;2007;Fighting;Atari;50
8528;Major League Baseball 2K12;Wii;2012;Sports;Take-Two Interactive;50
8535;Ready 2 Rumble Revolution;Wii;2009;Sports;Atari;50
8547;Dewy's Adventure;Wii;2007;Platform;Konami Digital Entertainment;50
8567;TNA iMPACT!;Wii;2008;Fighting;Midway Games;50
8571;Little League World Series Baseball 2009;Wii;2009;Sports;Activision;50
8578;Major League Baseball 2K11;Wii;2011;Sports;Take-Two Interactive;50
8613;Rudolph the Red-Nosed Reindeer;Wii;2010;Action;Crave Entertainment;50
8622;Vegas Party;Wii;N/A;Misc;Unknown;50
8624;Family Party: 30 Great Games Outdoor Fun;Wii;2009;Misc;D3Publisher;50
8631;Tak and the Guardians of Gross;Wii;2008;Action;THQ;50
8638;Yu-Gi-Oh! 5D's: Duel Transer;Wii;2010;Strategy;Konami Digital Entertainment;50
8649;Dragon's Lair Trilogy;Wii;2010;Adventure;Destineer;50
8650;Trivial Pursuit: Bet You Know It;Wii;2011;Misc;Electronic Arts;50
8653;Nicktoons: MLB;Wii;2011;Sports;Take-Two Interactive;50
8668;The Godfather: Blackhand Edition;Wii;2007;Adventure;Electronic Arts;50
8674;Backyard Sports: Sandlot Sluggers;Wii;2010;Sports;Atari;50
8676;Arcade Zone;Wii;2009;Misc;Activision;50
8683;WWE '13;Wii;2012;Action;THQ;50
8696;Bust-A-Move Bash!;Wii;2007;Puzzle;505 Games;50
8697;Block Party;Wii;2008;Misc;Activision;50
8715;Top Spin 4;Wii;2011;Sports;Take-Two Interactive;50
8722;The Oregon Trail;Wii;2011;Simulation;Crave Entertainment;50
8776;Samurai Warriors: Katana;Wii;2007;Action;Tecmo Koei;50
8782;Jurassic: The Hunted;Wii;2009;Shooter;Activision;50
8784;Horse Life Adventures;Wii;2008;Simulation;Deep Silver;50
8798;Active Life Explorer;Wii;2010;Sports;Namco Bandai Games;50
8805;Family Party: Fitness Fun;Wii;2010;Sports;D3Publisher;50
8808;Metal Slug Anthology;Wii;2006;Shooter;Ignition Entertainment;50
8815;Cake Mania: In The Mix!;Wii;2008;Puzzle;Majesco Entertainment;50
8839;Spider-Man: Friend or Foe;Wii;2007;Action;Activision;50
8840;Ultimate Board Game Collection;Wii;2007;Misc;Xplosiv;50
8869;Burger Island;Wii;2009;Action;Destineer;50
8875;Sam & Max: Season One;Wii;2008;Adventure;JoWood Productions;50
8876;Virtua Tennis 4;Wii;2011;Sports;Sega;50
8878;Candace Kane's Candy Factory;Wii;2008;Action;Destineer;50
8880;Hot Wheels: Beat That!;Wii;2007;Racing;Activision;50
8887;Scarface: The World is Yours;Wii;2007;Action;Vivendi Games;50
8894;DreamWorks Super Star Kartz;Wii;2011;Racing;Activision;50
8903;Charm Girls Club: Pajama Party;Wii;2009;Misc;Electronic Arts;50
8909;Nancy Drew: The White Wolf of Icicle Creek;Wii;2008;Adventure;Sega;50
8916;Rubik's World;Wii;2008;Puzzle;Game Factory;50
8917;Gallop & Ride!;Wii;2008;Sports;THQ;50
8925;Baseball Blast!;Wii;2009;Sports;Take-Two Interactive;50
8966;NewU Fitness First Mind Body, Yoga & Pilates Workout;Wii;2010;Sports;Black Bean Games;50
8986;Making History: The Great War;Wii;2010;Strategy;Namco Bandai Games;50
9020;Kung Fu Panda 2;Wii;2011;Action;THQ;50
9026;Haunted House;Wii;2010;Action;Atari;50
9032;Dream Pinball 3D;Wii;2008;Misc;SouthPeak Games;50
9042;Pinball Hall of Fame: The Gottlieb Collection;Wii;2006;Misc;System 3 Arcade Software;50
9056;Destroy All Humans! Big Willy Unleashed;Wii;2008;Action;THQ;50
9066;Victorious Boxers: Revolution;Wii;2007;Fighting;Ubisoft;50
9083;Our House Party!;Wii;N/A;Simulation;Unknown;50
9085;Cranium Kabookii;Wii;2007;Misc;Ubisoft;50
9151;Scene It? Bright Lights! Big Screen!;Wii;2009;Misc;Warner Bros. Interactive Entertainment;50
9167;Buck Fever;Wii;2009;Sports;Destineer;50
9184;Valhalla Knights: Eldar Saga;Wii;2009;Role-Playing;Rising Star Games;50
9205;Rango: The Video Game;Wii;2011;Action;Electronic Arts;50
9211;Jikkyou Powerful Pro Yakyuu Wii;Wii;2007;Sports;Konami Digital Entertainment;50
9229;Science Papa;Wii;2009;Misc;Activision;50
9231;MySims Collection;Wii;2010;Misc;Electronic Arts;50
9250;The Amazing Race;Wii;2010;Misc;Ubisoft;50
9257;Happy Feet;Wii;2006;Action;Midway Games;50
9260;Major League Baseball 2K8;Wii;2008;Sports;Take-Two Interactive;50
9279;Pet Pals: Animal Doctor;Wii;2008;Simulation;JoWood Productions;50
9281;Cruise Ship Vacation Games;Wii;2009;Puzzle;Avanquest;50
9285;Nitrobike;Wii;2008;Racing;Ubisoft;50
9298;Wild Earth: African Safari;Wii;2008;Simulation;Majesco Entertainment;50
9303;Kororinpa: Marble Mania;Wii;2006;Puzzle;Nintendo;50
9313;Top Shot Arcade;Wii;2011;Shooter;Activision;50
9318;Deepak Chopra's Leela;Wii;2011;Misc;THQ;50
9319;Tom Clancy's Ghost Recon;Wii;2010;Shooter;Ubisoft;50
9323;NCIS;Wii;2011;Adventure;Ubisoft;50
9334;Peppa Pig: Fun and Games;Wii;2010;Misc;Ubisoft;50
9343;MLB Power Pros 2008;Wii;2008;Sports;Konami Digital Entertainment;50
9345;Dokapon Kingdom;Wii;2008;Role-Playing;Sting;50
9347;Go Play: Circus Star;Wii;2009;Action;Majesco Entertainment;50
9349;Winter Stars;Wii;2011;Sports;Deep Silver;50
9380;Space Camp;Wii;2009;Action;Activision;50
9383;Phantom Brave: We Meet Again;Wii;2009;Role-Playing;Nippon Ichi Software;50
9406;Greg Hastings Paintball 2;Wii;2010;Shooter;505 Games;50
9412;My Baby: First Steps;Wii;2009;Simulation;SouthPeak Games;50
9427;All Star Cheer Squad 2;Wii;2009;Sports;THQ;50
9442;Family Fortunes;Wii;2009;Misc;Mindscape;50
9461;Indianapolis 500 Legends;Wii;2007;Racing;Destineer;50
9465;Academy of Champions: Soccer;Wii;2009;Sports;Ubisoft;50
9484;Just Dance: Disney Party;Wii;2012;Misc;Ubisoft;50
9489;Shimano Xtreme Fishing;Wii;2009;Sports;Mastiff;50
9514;Tom Clancy's Splinter Cell: Double Agent;Wii;2006;Action;Ubisoft;50
9517;Backyard Sports Football: Rookie Rush;Wii;2010;Sports;Atari;50
9520;Margot's Word Brain;Wii;2008;Puzzle;Zoo Digital Publishing;50
9528;Army Men: Soldiers of Misfortune;Wii;2008;Shooter;Zoo Games;50
9532;Reader Rabbit Kindergarten;Wii;2010;Misc;Graffiti;50
9562;Legend of the Guardians: The Owls of Ga'Hoole;Wii;2010;Action;Warner Bros. Interactive Entertainment;50
9567;Brothers in Arms: Double Time;Wii;2008;Shooter;Ubisoft;50
9576;Sengoku Basara 3 Utage;Wii;2011;Action;Capcom;50
9591;PBR: Out of the Chute;Wii;2008;Sports;Crave Entertainment;50
9596;The Price is Right: Decades;Wii;2011;Misc;Ubisoft;50
9598;The Sky Crawlers: Innocent Aces;Wii;2008;Simulation;Namco Bandai Games;50
9604;SimAnimals Africa;Wii;2009;Simulation;Electronic Arts;50
9610;428: Fuusa Sareta Shibuya de;Wii;2008;Adventure;Sega;50
9622;Cloudy With a Chance of Meatballs;Wii;2009;Platform;Ubisoft;50
9625;Ben 10 Galactic Racing;Wii;2011;Racing;D3Publisher;50
9630;Kidz Sports: Crazy Golf;Wii;2008;Sports;Data Design Interactive;50
9654;Conduit 2;Wii;2011;Shooter;Sega;50
9657;Geometry Wars: Galaxies;Wii;2007;Shooter;Vivendi Games;50
9663;Ninja Reflex;Wii;2008;Action;Electronic Arts;50
9665;Calling;Wii;2009;Adventure;Konami Digital Entertainment;50
9670;Where the Wild Things Are;Wii;2009;Platform;Warner Bros. Interactive Entertainment;50
9687;Star Trek: Conquest;Wii;2007;Strategy;Bethesda Softworks;50
9691;Obscure: The Aftermath;Wii;2008;Action;Playlogic Game Factory;50
9699;Solitaire & Mahjong;Wii;2009;Puzzle;Crave Entertainment;50
9705;Deadliest Catch: Sea of Chaos;Wii;2010;Sports;Crave Entertainment;50
9724;Onechanbara: Bikini Zombie Slayers;Wii;2008;Action;D3Publisher;50
9742;Escape The Museum;Wii;2009;Adventure;Majesco Entertainment;50
9754;Puzzle Kingdoms;Wii;2009;Puzzle;Zoo Digital Publishing;50
9777;Mountain Sports;Wii;2009;Sports;Activision;50
9794;The King of Fighters Collection: The Orochi Saga;Wii;2008;Fighting;Ignition Entertainment;50
9804;Lost in Shadow;Wii;2010;Platform;Konami Digital Entertainment;50
9807;McDROID;Wii;2011;Strategy;Namco Bandai Games;50
9831;Skate City Heroes;Wii;2008;Sports;Zoo Digital Publishing;50
9840;Dodge Racing: Charger vs Challenger;Wii;2009;Racing;Zushi Games;50
9871;Vacation Isle: Beach Party;Wii;2010;Misc;Warner Bros. Interactive Entertainment;50
9872;Fit in Six;Wii;2011;Sports;Ubisoft;50
9899;Cruis'n;Wii;2007;Racing;Midway Games;50
9910;Sniper Elite;Wii;2010;Shooter;Reef Entertainment;50
9915;NPPL: Championship Paintball 2009;Wii;2008;Shooter;Activision Value;50
9945;Yogi Bear: The Video Game;Wii;2010;Action;D3Publisher;50
9953;Get Up and Dance;Wii;2011;Misc;O-Games;50
9954;Merv Griffin's Crosswords;Wii;2008;Puzzle;THQ;50
9993;Hasbro Family Game Night Fun Pack;Wii;2011;Misc;Electronic Arts;50
10003;Hollywood Squares;Wii;2010;Misc;Ubisoft;50
10061;Sakura Wars: So Long, My Love;Wii;2010;Role-Playing;Ackkstudios;50
10065;Family Fun Football;Wii;2009;Sports;Tecmo Koei;50
10089;Super Swing Golf Season 2;Wii;2007;Sports;Rising Star Games;50
10101;Zangeki no Reginleiv;Wii;2010;Action;Nintendo;50
10104;Vacation Sports;Wii;2009;Sports;Ubisoft;50
10106;PDC World Championship Darts: Pro Tour;Wii;2010;Sports;O-Games;50
10107;Pimp My Ride;Wii;2008;Racing;Activision;50
10113;Heavy Fire: Afghanistan;Wii;2011;Shooter;Mastiff;50
10123;The Hardy Boys: The Hidden Theft;Wii;2009;Adventure;The Adventure Company;50
10147;Dora's Big Birthday Adventure;Wii;2010;Misc;Take-Two Interactive;50
10155;Spyborgs;Wii;2009;Action;Capcom;50
10159;The History Channel: Battle for the Pacific;Wii;2007;Shooter;Activision;50
10163;Mobile Suit Gundam: MS Sensen 0079;Wii;2007;Simulation;Namco Bandai Games;50
10182;Totally Spies! Totally Party;Wii;2008;Misc;Ubisoft;50
10204;Sesame Street: Ready, Set, Grover!;Wii;2011;Misc;Warner Bros. Interactive Entertainment;50
10214;The Croods: Prehistoric Party!;Wii;2013;Misc;D3Publisher;50
10227;Rock Band: Metal Track Pack;Wii;2009;Misc;MTV Games;50
10251;Tornado Outbreak;Wii;2009;Action;Konami Digital Entertainment;50
10254;Astro Boy: The Video Game;Wii;2009;Action;D3Publisher;50
10265;Death Jr.: Root of Evil;Wii;2008;Platform;Eidos Interactive;50
10272;Backyard Baseball '10;Wii;2009;Sports;Atari;50
10286;JU-ON: The Grudge;Wii;2009;Action;Rising Star Games;50
10300;National Geographic Challenge!;Wii;2011;Misc;Black Bean Games;50
10309;X-Men: Destiny;Wii;2011;Action;Activision;50
10326;Attack of the Movies 3D;Wii;2010;Shooter;Majesco Entertainment;50
10341;Paws & Claws: Pet Resort;Wii;2009;Simulation;THQ;50
10345;Tournament Pool;Wii;2009;Sports;Destineer;50
10364;Disney's Chicken Little: Ace In Action;Wii;N/A;Shooter;Disney Interactive Studios;50
10370;Tom Clancy's HAWX 2;Wii;2010;Action;Ubisoft;50
10391;The Bachelor: The Videogame;Wii;2010;Misc;Warner Bros. Interactive Entertainment;50
10411;Help Wanted: 50 Wacky Jobs;Wii;2008;Simulation;Hudson Soft;50
10415;Champion Jockey: G1 Jockey & Gallop Racer;Wii;2011;Sports;Tecmo Koei;50
10420;Ennichi no Tatsujin;Wii;2006;Misc;Namco Bandai Games;50
10430;Family Party: 30 Great Games;Wii;2008;Misc;D3Publisher;50
10448;The Smurfs 2;Wii;2013;Platform;Ubisoft;50
10450;Fatal Frame 2: Wii Edition;Wii;2012;Action;Nintendo;50
10451;Dancing on Ice;Wii;2010;Sports;Ghostlight;50
10472;Who Wants to Be a Millionaire: 3rd Edition;Wii;2010;Misc;Ubisoft;50
10477;Yu-Gi-Oh! 5D's Wheelie Breakers;Wii;2009;Racing;Konami Digital Entertainment;50
10485;Momotarou Dentetsu 16;Wii;2007;Misc;Hudson Soft;50
10486;Igor: The Game;Wii;2008;Adventure;CDV Software Entertainment;50
10490;Green Lantern: Rise of the Manhunters;Wii;2011;Action;Warner Bros. Interactive Entertainment;50
10505;Alvin and the Chipmunks: The Squeakquel;Wii;2009;Misc;Majesco Entertainment;50
10516;Medal of Honor: Vanguard;Wii;2007;Shooter;Electronic Arts;50
10529;Truth or Lies;Wii;2010;Misc;THQ;50
10542;The Destiny of Zorro;Wii;2009;Action;505 Games;50
10545;Inazuma Eleven GO Strikers 2013;Wii;2012;Role-Playing;Level 5;50
10550;Creeper World 3: Arc Eternal;Wii;2009;Strategy;Namco Bandai Games;50
10551;Monkey Mischief! Party Time;Wii;2008;Misc;Activision;50
10554;Water Sports;Wii;2009;Action;Avanquest;50
10580;Pajama Sam: Don't Fear The Dark;Wii;2008;Adventure;Atari;50
10586;Little League World Series Baseball 2008;Wii;2008;Sports;Activision;50
10588;Tatsunoko vs. Capcom: Cross Generation of Heroes;Wii;2008;Fighting;Capcom;50
10602;Rolling Stone: Drum King;Wii;2009;Misc;505 Games;50
10622;SCORE International Baja 1000: The Official Game;Wii;2008;Racing;Activision;50
10625;Opoona;Wii;2007;Role-Playing;Tecmo Koei;50
10626;Big League Sports;Wii;2008;Sports;Activision;50
10648;King of Clubs: Mini Golf;Wii;2008;Sports;Oxygen Interactive;50
10676;Pro Evolution Soccer 2013;Wii;2012;Sports;Konami Digital Entertainment;50
10678;Alvin and the Chipmunks: Chipwrecked;Wii;2011;Misc;505 Games;50
10698;Code Lyoko: Quest for Infinity;Wii;2007;Action;Game Factory;50
10705;Naruto Shippuden: Gekito Ninja Taisen! EX;Wii;2007;Fighting;Takara Tomy;50
10720;iCarly 2: iJoin The Click!;Wii;2010;Adventure;Activision;50
10723;The Secret Saturdays: Beasts of the 5th Sun;Wii;2009;Action;D3Publisher;50
10729;Animal Planet: Vet Life;Wii;2009;Simulation;Activision;50
10753;Blast Works: Build, Trade, Destroy;Wii;2008;Shooter;Eidos Interactive;50
10764;Heatseeker;Wii;2007;Action;Codemasters;50
10780;BIT.TRIP COMPLETE;Wii;2011;Misc;Rising Star Games;50
10783;Paws & Claws: Pet Vet;Wii;2009;Simulation;THQ;50
10789;Pony Friends 2;Wii;2009;Simulation;Eidos Interactive;50
10794;The Daring Game for Girls;Wii;N/A;Adventure;Unknown;50
10825;Jaws: Ultimate Predator;Wii;2011;Action;Majesco Entertainment;50
10832;Rock Band Country Track Pack 2;Wii;2011;Misc;MTV Games;50
10837;Big League Sports: Summer;Wii;2009;Sports;Activision;50
10853;Monopoly Collection;Wii;2011;Misc;Electronic Arts;50
10861;Rygar: The Battle of Argus;Wii;2008;Action;Rising Star Games;50
10886;Fishing Master World Tour;Wii;2009;Sports;Hudson Entertainment;50
10905;Alien Monster Bowling League;Wii;2009;Sports;Destineer;50
10910;Generator Rex: Agent of Providence;Wii;2011;Action;Activision;50
10911;Championship Foosball;Wii;2008;Sports;505 Games;50
10929;U-Sing  2;Wii;2010;Misc;Mindscape;50
10933;Playmobil Circus;Wii;2009;Action;Mindscape;50
10957;Get Fit with Mel B;Wii;2010;Sports;Black Bean Games;50
10970;Kawasaki Quad Bikes;Wii;2007;Racing;Data Design Interactive;50
11014;NERF N-Strike: Double Blast Bundle;Wii;2010;Shooter;Electronic Arts;50
11015;Space Chimps;Wii;2008;Platform;Brash Entertainment;50
11021;Family GameShow;Wii;2009;Misc;Zushi Games;50
11022;Great Party Games;Wii;2010;Misc;O-Games;50
11030;Agatha Christie: Evil Under the Sun;Wii;2008;Adventure;The Adventure Company;50
11033;Karaoke Joysound Wii Super DX: Hitori de Minna de Utai Houdai!;Wii;2010;Misc;Hudson Soft;50
11054;Ski-Doo Snowmobile Challenge;Wii;2009;Racing;Valcon Games;50
11059;Go Play: City Sports;Wii;2009;Sports;Majesco Entertainment;50
11069;Jambo! Safari Animal Rescue;Wii;2009;Simulation;Sega;50
11074;Ski and Shoot;Wii;2008;Sports;RTL;50
11085;MLB Superstars;Wii;2008;Sports;Take-Two Interactive;50
11087;Remington Super Slam Hunting: Alaska;Wii;2011;Sports;Mastiff;50
11094;The $1 Pyramid;Wii;2011;Misc;Ubisoft;50
11100;The Mummy: Tomb of the Dragon Emperor;Wii;2008;Action;Vivendi Games;50
11101;Spider-Man: Edge of Time;Wii;2011;Action;Activision;50
11102;Momu-chan Diet Wii: Figurobics by Chon Dayon;Wii;2010;Misc;Hudson Soft;50
11105;Mad Dog McCree: Gunslinger Pack;Wii;2009;Shooter;Majesco Entertainment;50
11117;Wacky World of Sports;Wii;2009;Sports;Sega;50
11122;Data East Arcade Classics;Wii;2010;Misc;Majesco Entertainment;50
11126;Naruto Shippuden: Gekito Ninja Taisen! EX 2;Wii;2007;Fighting;Takara Tomy;50
11138;Little League World Series Baseball: Double Play;Wii;2010;Sports;Activision;50
11144;Happy Feet Two;Wii;N/A;Action;Warner Bros. Interactive Entertainment;50
11146;The Ant Bully;Wii;2006;Platform;Midway Games;50
11155;Harvey Birdman: Attorney at Law;Wii;2008;Adventure;Capcom;50
11158;Jumper: Griffin's Story;Wii;2008;Action;Eidos Interactive;50
11174;Team Elimination Games;Wii;2009;Misc;Ubisoft;50
11191;Karaoke Joysound Wii DX;Wii;2009;Misc;Hudson Soft;50
11200;The Penguins of Madagascar: Dr. Blowhole Returns - Again!;Wii;2011;Action;THQ;50
11209;Busy Scissors;Wii;2010;Simulation;Little Orbit;50
11232;Cartoon Network: Punch Time Explosion XL;Wii;2011;Fighting;Crave Entertainment;50
11245;Build 'n Race;Wii;2009;Racing;Zoo Games;50
11264;Diva Girls: Divas on Ice;Wii;2009;Sports;505 Games;50
11277;Martian Panic;Wii;2010;Adventure;Unknown;50
11289;SafeCracker: The Ultimate Puzzle Adventure;Wii;2008;Puzzle;The Adventure Company;50
11348;America's Next Top Model;Wii;2010;Action;Crave Entertainment;50
11406;Ninjabread Man;Wii;2007;Action;Popcorn Arcade;50
11409;I Am In The Movie;Wii;2012;Simulation;Namco Bandai Games;50
11411;Zero: Tsukihami no Kamen;Wii;N/A;Action;Nintendo;50
11412;Ice Age 2: The Meltdown;Wii;2006;Platform;Vivendi Games;50
11414;10 Minute Solution;Wii;2010;Sports;Activision;50
11416;Jikkyou Powerful Pro Yakyuu 15;Wii;2008;Sports;Konami Digital Entertainment;50
11436;Pop'n Music;Wii;2009;Misc;Konami Digital Entertainment;50
11438;Worms: A Space Oddity;Wii;2008;Strategy;THQ;50
11443;Far Cry Vengeance;Wii;2006;Shooter;Ubisoft;50
11462;Cate West: The Vanishing Files;Wii;2009;Adventure;Oxygen Interactive;50
11463;Jimmie Johnson's Anything With an Engine;Wii;2011;Racing;Konami Digital Entertainment;50
11494;Ultimate Shooting Collection;Wii;2008;Shooter;Milestone;50
11496;Super Sentai Battle: Ranger Cross;Wii;2011;Action;Namco Bandai Games;50
11539;Sengoku Musou 3: Moushouden;Wii;2011;Action;Ackkstudios;50
11545;Rock Revolution;Wii;N/A;Misc;Unknown;50
11565;Lost in Blue: Shipwrecked;Wii;2008;Adventure;Konami Digital Entertainment;50
11569;Penny Racers Party: Turbo-Q Speedway;Wii;2008;Racing;Takara Tomy;50
11580;My First Songs;Wii;2010;Misc;Mindscape;50
11582;Ultimate Party Challenge;Wii;2009;Misc;Konami Digital Entertainment;50
11604;Agatha Christie: And Then There Were None;Wii;2008;Adventure;The Adventure Company;50
11607;We Sing Rock!;Wii;2011;Misc;Nordic Games;50
11609;Gunblade NY & L.A. Machineguns Arcade Hits Pack;Wii;2010;Shooter;Sega;50
11616;Cosmic Family;Wii;2007;Misc;Ubisoft;50
11632;Ultimate Duck Hunting;Wii;2009;Sports;Zoo Digital Publishing;50
11634;Jikkyou Powerful Pro Yakyuu Next;Wii;2009;Sports;Konami Digital Entertainment;50
11637;Aliens in the Attic;Wii;2009;Action;Playlogic Game Factory;50
11658;Man vs. Wild;Wii;2011;Action;Crave Entertainment;50
11683;World Party Games;Wii;2009;Misc;505 Games;50
11686;Animal Kingdom: Wildlife Expedition;Wii;2009;Adventure;Natsume;50
11688;Rogue Trooper: Quartz Zone Massacre;Wii;2009;Shooter;Reef Entertainment;50
11691;Crayola: Colorful Journey;Wii;2009;Misc;Crave Entertainment;50
11692;Storybook Workshop;Wii;2009;Misc;Konami Digital Entertainment;50
11700;Minna no Joushiki Ryoku TV;Wii;2008;Misc;Nintendo;50
11715;Winter Sports 2011;Wii;2011;Sports;DTP Entertainment;50
11717;Baroque;Wii;2008;Role-Playing;Rising Star Games;50
11722;Disaster: Day of Crisis;Wii;2008;Action;Nintendo;50
11732;Kung Fu Panda: Legendary Warriors;Wii;2008;Action;Activision;50
11738;Party Pigs: Farmyard Games;Wii;2009;Misc;Data Design Interactive;50
11746;Naruto Shippuden: Gekito Ninja Taisen! EX 3;Wii;2008;Fighting;Takara Tomy;50
11765;Zumba Fitness Core;Wii;2012;Misc;505 Games;50
11808;Speed Zone;Wii;2009;Racing;Bethesda Softworks;50
11851;Rugby League 3;Wii;2010;Sports;Alternative Software;50
11861;Let's Paint;Wii;2010;Simulation;Zoo Games;50
11871;Winning Eleven Playmaker 2010: Aoki Samurai no Chousen;Wii;2010;Sports;Konami Digital Entertainment;50
11885;SNK Arcade Classics Vol. 1;Wii;2008;Misc;Ignition Entertainment;50
11891;Speed;Wii;2010;Racing;Unknown;50
11954;Showtime Championship Boxing;Wii;2007;Fighting;Zoo Digital Publishing;50
11956;Open Season;Wii;2006;Platform;Ubisoft;50
11958;Dave Mirra BMX Challenge;Wii;2007;Sports;505 Games;50
11972;Yamaha Supercross;Wii;2009;Racing;Zoo Digital Publishing;50
12003;NHL 2K9;Wii;2008;Sports;Take-Two Interactive;50
12010;Reader Rabbit 1st Grade;Wii;2010;Misc;Graffiti;50
12011;Anubis II;Wii;2007;Platform;Metro 3D;50
12018;Heavenly Guardian;Wii;2007;Shooter;505 Games;50
12023;Pizza Delivery Boy;Wii;2010;Simulation;Majesco Entertainment;50
12040;Target: Terror;Wii;2008;Shooter;Konami Digital Entertainment;50
12046;Dream Dance & Cheer;Wii;2009;Misc;Zoo Games;50
12050;Billy's Boot Camp: Wii de Enjoy Diet!;Wii;2011;Sports;Rocket Company;50
12055;Tournament of Legends;Wii;2010;Fighting;Sega;50
12074;Suzumiya Haruhi no Gekidou;Wii;2009;Adventure;Kadokawa Shoten;50
12097;Secret Files: Tunguska;Wii;2008;Adventure;Koch Media;50
12101;Family Trainer: Treasure Adventure;Wii;2010;Sports;Namco Bandai Games;50
12114;Basketball Hall of Fame Ultimate Hoops Challenge;Wii;2010;Sports;Zoo Games;50
12125;Mario Tennis;Wii;2010;Sports;Nintendo;50
12129;Build-A-Bear Workshop: Friendship Valley;Wii;N/A;Misc;Unknown;50
12140;Shin Chan: Las Nuevas Aventuras Para Wii!;Wii;2006;Action;505 Games;50
12141;Challenge Me: Brain Puzzles 2;Wii;2010;Puzzle;O-Games;50
12148;Freddi Fish: Kelp Seed Mystery;Wii;2008;Adventure;Majesco Entertainment;50
12190;Kamen Rider: Dragon Knight;Wii;2009;Fighting;D3Publisher;50
12202;Fantasy Aquarium World;Wii;2009;Simulation;Destineer;50
12210;Cold Stone Creamery: Scoop It Up;Wii;2009;Misc;Zoo Games;50
12251;Chrysler Classic Racing;Wii;2008;Racing;Zoo Games;50
12267;Escape from Bug Island;Wii;2006;Action;Eidos Interactive;50
12273;Bleach: Versus Crusade;Wii;2008;Fighting;Sega;50
12280;Santa Claus Is Comin' to Town!;Wii;2011;Puzzle;Crave Entertainment;50
12293;Cabela's Trophy Bucks;Wii;2008;Sports;Activision Value;50
12301;Legend of the Dragon;Wii;2007;Fighting;Game Factory;50
12311;Fast Food Panic;Wii;2009;Simulation;Nobilis;50
12314;Another Code R: A Journey into Lost Memories;Wii;2009;Adventure;Nintendo;50
12320;Octomania;Wii;2007;Puzzle;Midas Interactive Entertainment;50
12322;Fishing Master (jp sales);Wii;2007;Sports;Konami Digital Entertainment;50
12332;Spy Fox in Dry Cereal;Wii;2008;Adventure;Majesco Entertainment;50
12363;Alien Syndrome;Wii;2007;Role-Playing;Sega;50
12372;Samurai Shodown Anthology;Wii;2008;Fighting;Ignition Entertainment;50
12388;Spy Games: Elevator Mission;Wii;2007;Shooter;Tommo;50
12433;Barbie and Her Sisters Puppy Rescue;Wii;2015;Action;Namco Bandai Games;50
12437;Puzzler Collection;Wii;2008;Puzzle;Ubisoft;50
12438;Naruto Shippuden: Gekito Ninja Taisen! Special;Wii;2010;Fighting;Takara Tomy;50
12447;Chevrolet Camaro: Wild Ride;Wii;2010;Racing;Storm City Games;50
12458;Cocoto Kart Racer;Wii;2008;Racing;Conspiracy Entertainment;50
12470;Grey's Anatomy: The Video Game;Wii;2009;Adventure;Ubisoft;50
12475;Crazy Chicken Tales;Wii;2009;Action;Conspiracy Entertainment;50
12493;Alvin and the Chipmunks;Wii;2007;Misc;Eidos Interactive;50
12504;My Fitness Coach: Club;Wii;2011;Sports;Ubisoft;50
12535;Pheasants Forever Wingshooter;Wii;2010;Shooter;Unknown;50
12536;Ivy the Kiwi?;Wii;2010;Puzzle;Rising Star Games;50
12555;Rooms: The Main Building;Wii;2010;Adventure;Hudson Soft;50
12564;Disney Planes Fire & Rescue;Wii;2014;Action;Disney Interactive Studios;50
12584;Centipede: Infestation;Wii;2011;Shooter;Atari;50
12592;Back to the Future: The Game;Wii;2011;Adventure;Telltale Games;50
12616;Dance Sensation!;Wii;2010;Misc;Majesco Entertainment;50
12617;Brave: A Warrior's Tale;Wii;2009;Action;SouthPeak Games;50
12628;Captain America: Super Soldier;Wii;N/A;Action;Sega;50
12632;Gem Smashers;Wii;2011;Platform;Crave Entertainment;50
12668;Flip's Twisted World;Wii;N/A;Platform;Unknown;50
12679;World Championship Athletics;Wii;2009;Sports;DTP Entertainment;50
12704;PopStar Guitar;Wii;2008;Misc;Midway Games;50
12741;SD Gundam G Generation Wars;Wii;2009;Strategy;Namco Bandai Games;50
12759;Kid Fit Island Resort;Wii;2010;Sports;Avanquest;50
12761;Roogoo Twisted Towers;Wii;2009;Puzzle;SouthPeak Games;50
12793;Coraline;Wii;2009;Action;D3Publisher;50
12812;My Horse & Me: Riding for Gold;Wii;2008;Sports;Atari;50
12813;Sled Shred featuring the Jamaican Bobsled Team;Wii;2010;Sports;SouthPeak Games;50
12850;Countdown: The Game;Wii;2009;Puzzle;Mindscape;50
12869;Vertigo;Wii;2009;Strategy;Playlogic Game Factory;50
12881;Reader Rabbit 2nd Grade;Wii;N/A;Misc;Unknown;50
12886;Defendin' De Penguin;Wii;2008;Strategy;Zushi Games;50
12897;Major Minor's Majestic March;Wii;2009;Misc;Majesco Entertainment;50
12909;Puyo Puyo 7;Wii;2009;Puzzle;Sega;50
12916;Pretty Cure All Stars Everyone Gather ? Let's Dance!;Wii;2013;Misc;Namco Bandai Games;50
12928;Domino Rally;Wii;2007;Action;Nordcurrent;50
12957;Sushi Go-Round;Wii;2010;Simulation;Asylum Entertainment;50
12959;Myth Makers: Orbs of Doom;Wii;2007;Puzzle;Popcorn Arcade;50
12979;Mr Bean's Wacky World of Wii;Wii;2009;Adventure;Blast! Entertainment Ltd;50
12995;Hysteria Hospital: Emergency Ward;Wii;2009;Action;Oxygen Interactive;50
13049;Dream Salon;Wii;2009;Misc;Zoo Games;50
13053;Jenga World Tour;Wii;2007;Misc;Atari;50
13074;Kart Racer;Wii;2009;Racing;Nordic Games;50
13076;Sam & Max: Beyond Time and Space;Wii;2010;Adventure;Atari;50
13100;Hotel for Dogs;Wii;2009;Simulation;505 Games;50
13107;Super Robot Taisen Neo;Wii;2009;Strategy;Namco Bandai Games;50
13124;My Body Coach;Wii;2009;Sports;Big Ben Interactive;50
13132;Sea Monsters: A Prehistoric Adventure;Wii;2007;Adventure;Zushi Games;50
13156;Pirates vs Ninja Dodgeball;Wii;2009;Sports;SouthPeak Games;50
13165;Active Life: Magical Carnival;Wii;2011;Misc;Namco Bandai Games;50
13185;Furu Furu Park;Wii;2007;Misc;Taito;50
13192;QUIZ PARTY;Wii;2012;Misc;Nintendo;50
13196;The Grim Adventures of Billy & Mandy;Wii;2006;Action;Midway Games;50
13207;SD Gundam: Scad Hammers;Wii;2006;Strategy;Namco Bandai Games;50
13214;Wicked Monster Blast!;Wii;2011;Shooter;PQube;50
13222;Winter Sports 3: The Great Tournament;Wii;2010;Sports;Tradewest;50
13316;Wii de Asobu Chibi-Robo!;Wii;2009;Adventure;Nintendo;50
13325;World Series of Poker: Tournament of Champions 2007 Edition;Wii;2006;Misc;Activision;50
13329;Billy the Wizard: Rocket Broomstick Racing;Wii;2007;Racing;Metro 3D;50
13330;Pool Party;Wii;2007;Sports;SouthPeak Games;50
13337;Wing Island;Wii;2006;Simulation;Konami Digital Entertainment;50
13343;SD Gundam G Generation World;Wii;2011;Strategy;Namco Bandai Games;50
13346;Wonder World Amusement Park;Wii;2008;Misc;Majesco Entertainment;50
13354;MiniCopter: Adventure Flight;Wii;2007;Simulation;505 Games;50
13373;Arctic Tale;Wii;2007;Adventure;Zoo Digital Publishing;50
13374;Balloon Pop;Wii;2007;Puzzle;505 Games;50
13385;Counter Force;Wii;2007;Shooter;505 Games;50
13388;Fantastic Four: Rise of the Silver Surfer;Wii;2007;Action;Take-Two Interactive;50
13434;Pool Hall Pro;Wii;2009;Sports;Playlogic Game Factory;50
13469;The Tale of Despereaux;Wii;2008;Platform;Brash Entertainment;50
13481;Backyard Baseball '09;Wii;2008;Sports;Atari;50
13484;Bionicle Heroes;Wii;2007;Shooter;Eidos Interactive;50
13487;Honda ATV Fever;Wii;2010;Racing;Storm City Games;50
13507;Jerry Rice and Nitus' Dog Football;Wii;2011;Sports;Tommo;50
13519;M&M's Beach Party;Wii;2009;Misc;Zoo Digital Publishing;50
13525;Minna ga Shuyaku no NHK Kouhaku Quiz Kassen;Wii;2009;Misc;Nintendo;50
13535;Monster Trux Arenas: Special Edition;Wii;2007;Racing;Popcorn Arcade;50
13544;Gormiti: The Lords of Nature!;Wii;2010;Adventure;Konami Digital Entertainment;50
13551;Castle of Shikigami III;Wii;2007;Shooter;PQube;50
13576;The Kore Gang;Wii;2010;Platform;Flashpoint Games;50
13587;Max & the Magic Marker;Wii;2011;Platform;Unknown;50
13589;Free Running;Wii;2009;Sports;Reef Entertainment;50
13591;Barnyard;Wii;2006;Action;THQ;50
13592;SPRay;Wii;2008;Action;Tecmo Koei;50
13594;Battle Rage;Wii;2008;Shooter;Popcorn Arcade;50
13608;The Monkey King: The Legend Begins;Wii;2007;Shooter;Starfish;50
13634;The Cube;Wii;2012;Action;Funbox Media;50
13636;Myth Makers: Trixie in Toyland;Wii;2008;Platform;Popcorn Arcade;50
13637;NatGeo Challenge! Wild Life;Wii;2010;Misc;Black Bean Games;50
13645;Sherlock Holmes: Secret of The Silver Earring;Wii;2010;Adventure;Focus Home Interactive;50
13648;Guilty Gear XX Accent Core;Wii;2007;Fighting;505 Games;50
13665;Mortimer Beckett and the Secrets of Spooky Manor;Wii;2008;Puzzle;Avanquest;50
13677;Luxor: Pharaoh's Challenge;Wii;N/A;Puzzle;Funsta;50
13730;Harley-Davidson: Road Trip;Wii;2010;Racing;Destineer;50
13738;North American Hunting Extravaganza 2;Wii;2010;Sports;Unknown;50
13739;City Builder;Wii;2010;Misc;Virtual Play Games;50
13809;Daikaijuu Battle: Ultra Coliseum DX - Ultra Senshi Daishuuketsu;Wii;2010;Fighting;Namco Bandai Games;50
13812;Gummy Bears Mini Golf;Wii;2010;Sports;Unknown;50
13831;Twin Strike: Operation Thunder;Wii;2008;Shooter;Zoo Games;50
13879;Kevin Van Dam: Big Bass Challenge;Wii;2010;Sports;Zoo Games;50
13882;Glacier2;Wii;2009;Racing;Zoo Games;50
13891;Sleepover Party;Wii;2009;Misc;Ubisoft;50
13899;Story Hour: Fairy Tales;Wii;2008;Adventure;Zoo Digital Publishing;50
14006;Sudoku Ball Detective;Wii;2009;Puzzle;Playlogic Game Factory;50
14024;Jikkyou Powerful Major League 2009;Wii;2009;Sports;Konami Digital Entertainment;50
14048;Swords;Wii;N/A;Fighting;Unknown;50
14060;Cook Wars;Wii;2009;Misc;Ubisoft;50
14104;Zenkoku Dekotora Matsuri;Wii;2008;Racing;Jaleco;50
14109;Marines: Modern Urban Combat;Wii;2010;Shooter;O-Games;50
14137;Maximum Racing: Drag & Stock Racer;Wii;2010;Racing;Nordic Games;50
14153;Kekkaishi: Kokubourou no Kage;Wii;2007;Action;Namco Bandai Games;50
14176;Who Wants to be a Millionaire: 1st Edition;Wii;2007;Misc;Ubisoft;50
14184;Jikkyou Powerful Pro Yakyuu Wii Ketteiban;Wii;2007;Sports;Konami Digital Entertainment;50
14218;Young Justice: Legacy;Wii;2013;Action;Namco Bandai Games;50
14239;Safari Adventures: Africa;Wii;2007;Adventure;Neko Entertainment;50
14245;Maximum Racing: GP Classic Racing;Wii;2010;Racing;Nordic Games;50
14255;Jewel Master: Cradle of Rome;Wii;2008;Puzzle;Rondomedia;50
14257;Beastly;Wii;2011;Misc;Unknown;50
14322;Monster High: New Ghoul in School;Wii;2015;Action;Little Orbit;50
14372;Guilty Gear XX Accent Core Plus;Wii;2009;Fighting;PQube;50
14379;Eyeshield 21: Field Saikyou no Senshi Tachi;Wii;2007;Role-Playing;Nintendo;50
14387;thinkSMART FAMILY!;Wii;2010;Misc;Conspiracy Entertainment;50
14403;Boot Camp Academy;Wii;2010;Action;Zoo Games;50
14456;Dance Dance Revolution: Hottest Party 5;Wii;2011;Misc;Konami Digital Entertainment;50
14457;Who Wants to be a Millionaire: 2nd Edition;Wii;2008;Misc;Ubisoft;50
14528;Story Hour: Adventures;Wii;2008;Adventure;Zoo Digital Publishing;50
14542;SD Gundam: Gashapon Wars;Wii;2010;Strategy;Namco Bandai Games;50
14561;Heathcliff! The Fast and the Furriest;Wii;2010;Racing;Storm City Games;50
14577;Secret Files 2: Puritas Cordis;Wii;2009;Adventure;Deep Silver;50
14601;Driver: Parallel Lines;Wii;2007;Racing;Ubisoft;50
14623;101-in-1 Sports Party Megamix;Wii;2010;Sports;Nordcurrent;50
14648;Pacific Liberator;Wii;2009;Action;Zoo Games;50
14653;Puzzle Challenge: Crosswords and More!;Wii;2009;Puzzle;Crave Entertainment;50
14692;The Island of Dr. Frankenstein;Wii;2009;Adventure;Storm City Games;50
14693;TV Total Events;Wii;2011;Misc;7G//AMES;50
14720;Gintama: Banji Oku Chuubu!;Wii;2007;Action;Namco Bandai Games;50
14735;My Animal Centre;Wii;2009;Simulation;Deep Silver;50
14764;Bigfoot King of Crush;Wii;2011;Racing;Zoo Games;50
14798;My Ballet Studio;Wii;2009;Simulation;505 Games;50
14815;CID The Dummy;Wii;2009;Platform;Oxygen Interactive;50
14825;Backyard NFL Football;Wii;2007;Sports;Atari;50
14829;Let's Play Ballerina;Wii;2010;Sports;Deep Silver;50
14838;Kawasaki Snowmobiles;Wii;2008;Racing;Metro 3D;50
14854;Monster Mayhem: Build and Battle;Wii;2009;Simulation;Zushi Games;50
14865;Pro Yakyuu Family Stadium;Wii;2008;Sports;Namco Bandai Games;50
14871;Let's Dance with Mel B;Wii;2011;Sports;Black Bean Games;50
14879;Combat Wings: The Great Battles of WWII;Wii;N/A;Simulation;City Interactive;50
14882;Ocean Commander;Wii;2009;Simulation;Valcon Games;50
14904;Rock 'N' Roll Adventures;Wii;2007;Platform;Popcorn Arcade;50
14915;Chuck E. Cheese's Sports Games;Wii;2011;Sports;UFO Interactive;50
14944;Let's Play Garden;Wii;2010;Simulation;Deep Silver;50
15000;Wii de Asobu: Metroid Prime;Wii;N/A;Shooter;Nintendo;50
15002;Wii de Asobu: Metroid Prime;Wii;N/A;Shooter;Nintendo;50
15011;George of the Jungle and the Search for the Secret;Wii;2008;Platform;Ignition Entertainment;50
15015;Ferrari Challenge Trofeo Pirelli Deluxe;Wii;2009;Racing;System 3 Arcade Software;50
15018;Mesaze!! Tsuri Master: Sekai ni Challenge! Hen;Wii;2008;Sports;Hudson Soft;50
15024;Penguins of Madagascar;Wii;2014;Action;Namco Bandai Games;50
15060;Cocoto Magic Circus;Wii;2008;Shooter;Neko Entertainment;50
15067;Suzumiya Haruhi no Heiretsu;Wii;2009;Adventure;Sega;50
15075;Titanic Mystery;Wii;2010;Puzzle;O-Games;50
15080;Line Rider 2: Unbound;Wii;2008;Puzzle;Deep Silver;50
15086;G1 Jockey Wii;Wii;2007;Sports;Tecmo Koei;50
15098;Kawasaki Jet Ski;Wii;2008;Racing;Metro 3D;50
15104;Crazy Machines;Wii;2010;Puzzle;DTP Entertainment;50
15107;Brave: The Video Game;Wii;2012;Action;Disney Interactive Studios;50
15150;Fritz Chess;Wii;2009;Strategy;Deep Silver;50
15154;Balls of Fury;Wii;2007;Sports;Zoo Digital Publishing;50
15200;Saint;Wii;N/A;Shooter;Unknown;50
15223;Geon Cube;Wii;2009;Puzzle;P2 Games;50
15229;Triple Crown Championship Snowboarding;Wii;2010;Sports;Destineer;50
15262;Jelly Belly: Ballistic Beans;Wii;2009;Puzzle;Zoo Digital Publishing;50
15276;Thomas & Friends: Hero of the Rails;Wii;2010;Misc;Unknown;50
15278;World Championship Poker featuring Howard Lederer: All In;Wii;2006;Misc;505 Games;50
15281;Jinsei Game Wii;Wii;2007;Misc;Takara Tomy;50
15333;Katekyoo Hitman Reborn! Dream Hyper Battle! Wii;Wii;2008;Fighting;Marvelous Interactive;50
15336;Chuck E. Cheese's Super Collection;Wii;2011;Action;UFO Interactive;50
15348;Casper's Scare School: Spooky Sports Day;Wii;2009;Sports;Blast! Entertainment Ltd;50
15359;Daikaijuu Battle: Ultra Coliseum;Wii;2008;Fighting;Namco Bandai Games;50
15370;Princess Isabella: A Witch's Curse;Wii;2010;Adventure;Destineer;50
15373;Pippa Funnell: Ranch Rescue;Wii;2007;Adventure;Ubisoft;50
15410;Maximum Racing: Crash Car Racer;Wii;2010;Racing;Nordic Games;50
15421;Super Fruit Fall;Wii;2006;Puzzle;System 3 Arcade Software;50
15437;Horrid Henry: Missions of Mischief;Wii;2010;Adventure;SouthPeak Games;50
15450;Germany's Next Topmodel 2011;Wii;2011;Simulation;7G//AMES;50
15461;Ten Pin Alley 2;Wii;2008;Sports;XS Games;50
15479;Yu-Gi-Oh! 5D's Wheelie Breakers (JP sales);Wii;N/A;Racing;Unknown;50
15500;Army Rescue;Wii;2009;Shooter;UFO Interactive;50
15533;Winter Blast: 9 Snow & Ice Games;Wii;2010;Sports;Destineer;50
15551;Wild West Shootout;Wii;2010;Shooter;Unknown;50
15562;Earth Seeker;Wii;2011;Role-Playing;Kadokawa Shoten;50
15570;Mary King's Riding School 2;Wii;2009;Simulation;Midas Interactive Entertainment;50
15597;Myth Makers: Super Kart GP;Wii;2007;Racing;Popcorn Arcade;50
15627;Rock Blast;Wii;2010;Puzzle;UFO Interactive;50
15630;Emergency Mayhem;Wii;2008;Racing;Codemasters;50
15639;Haneru no Tobira Wii: Girigirissu;Wii;2007;Misc;Namco Bandai Games;50
15648;PDC World Championship Darts 2009;Wii;2009;Sports;Oxygen Interactive;50
15652;Canada Hunt;Wii;2010;Sports;Virtual Play Games;50
15691;Pirates PlundArrr;Wii;2010;Action;Majesco Entertainment;50
15721;Marvel Superheroes 3D: Grandmaster's Challenge;Wii;2010;Action;Neko Entertainment;50
15749;Summer Challenge: Athletics Tournament;Wii;2011;Sports;PQube;50
15759;Turbo: Super Stunt Squad;Wii;2013;Sports;D3Publisher;50
15767;Soul Eater: Monotone Princess;Wii;2008;Action;Square Enix;50
15785;Densha de Go! Shinkansen EX: Sanyou Shinkansen-hen;Wii;2007;Simulation;Taito;50
15787;Gummy Bears Magical Medallion;Wii;2011;Platform;Storm City Games;50
15814;Ferrari: The Race Experience;Wii;N/A;Racing;System 3 Arcade Software;50
15835;I Love Horses: Rider's Paradise;Wii;2010;Simulation;Destineer;50
15854;Monster Trux Offroad;Wii;2007;Racing;Popcorn Arcade;50
15862;Transformers: Prime;Wii;2012;Action;Activision;50
15881;Dance! It's Your Stage;Wii;N/A;Misc;DTP Entertainment;50
15887;GTI Club: Supermini Festa!;Wii;2010;Racing;Konami Digital Entertainment;50
15899;Truck Racer;Wii;2009;Racing;Nordic Games;50
15994;Donkey Kong Jungle Beat;Wii;2008;Platform;Nintendo;50
15999;Captain Morgane and the Golden Turtle;Wii;2012;Adventure;Reef Entertainment;50
16090;Major Dream: Major Wii Nagero! Gyroball!!;Wii;2008;Sports;Takara Tomy;50
16100;Super PickUps;Wii;2009;Racing;XS Games;50
16124;Turbo Trainz;Wii;2012;Racing;Mastertronic;50
16154;SoulCalibur Legends (JP sales);Wii;2007;Action;Namco Bandai Games;50
16177;We Sing 80s;Wii;2012;Misc;Nordic Games;50
16193;Satisfashion;Wii;2010;Misc;Destineer;50
16213;Groovin' Blocks;Wii;2009;Puzzle;Zoo Games;50
16221;Family Jockey;Wii;2008;Sports;Namco Bandai Games;50
16230;Sengoku Basara 2 Heroes;Wii;2007;Action;Capcom;50
16256;Doraemon Wii: Himitsu Douguou Ketteisen!;Wii;2007;Misc;Sega;50
16287;The Ultimate Battle of the Sexes;Wii;2010;Misc;DTP Entertainment;50
16313;Happy Dance Collection;Wii;2008;Misc;Namco Bandai Games;50
16341;Fullmetal Alchemist: Prince of the Dawn;Wii;2009;Adventure;Square Enix;50
16368;Survivor;Wii;2010;Adventure;Valcon Games;50
16420;th!nk Logic Trainer;Wii;2009;Puzzle;Conspiracy Entertainment;50
16431;Aladdin Magic Racer;Wii;2011;Racing;Big Ben Interactive;50
16440;The Cages: Pro Style Batting Practice;Wii;2010;Sports;Konami Digital Entertainment;50
16461;Katekyoo Hitman Reborn! Kindan no Yami no Delta;Wii;2008;Action;Marvelous Interactive;50
16468;Help Wanted: 50 Wacky Jobs (jp sales);Wii;2008;Simulation;Hudson Soft;50
16476;Captain Rainbow;Wii;2008;Adventure;Nintendo;50
16489;Case Closed: One Truth Prevails;Wii;2007;Adventure;Nobilis;50
16491;Bomberman;Wii;2008;Puzzle;Hudson Entertainment;50
16520;Teenage Mutant Ninja Turtles;Wii;2007;Action;Konami Digital Entertainment;50
16555;Mahou Sensei Negima!? Neo-Pactio Fight!!;Wii;2007;Fighting;Marvelous Interactive;50
16576;Mini Desktop Racing;Wii;2007;Racing;Popcorn Arcade;50
16577;Yattaman Wii: BikkuriDokkiri Machine de Mou Race da Koron;Wii;2008;Racing;Takara Tomy;50
16584;Fit & Fun;Wii;2011;Sports;Unknown;50
